pref,year_label,page_url,section_raw,section,item_title,pdf_url,filename,issued_date_iso
大阪府,令和6(2024)年度へ,https://www.pref.osaka.lg.jp/o120090/nosei/byogaicyu/yohou/2024yohou.html,病害虫発生予察情報（全作目についての病害虫発生の概況）,予報,予察情報第1号（令和6年4月30日発表）（PDF：390KB）,https://www.pref.osaka.lg.jp/documents/107082/2405yoho_soshin.pdf,2405yoho_soshin.pdf,2024-04-30
大阪府,令和6(2024)年度へ,https://www.pref.osaka.lg.jp/o120090/nosei/byogaicyu/yohou/2024yohou.html,病害虫発生予察情報（全作目についての病害虫発生の概況）,予報,予察情報第2号（令和6年5月30日発表）（PDF：405KB）,https://www.pref.osaka.lg.jp/documents/107082/2406yoho_soshin.pdf,2406yoho_soshin.pdf,2024-05-30
大阪府,令和6(2024)年度へ,https://www.pref.osaka.lg.jp/o120090/nosei/byogaicyu/yohou/2024yohou.html,病害虫発生予察情報（全作目についての病害虫発生の概況）,予報,予察情報第3号（令和6年6月27日発表）（PDF：422KB）,https://www.pref.osaka.lg.jp/documents/107082/2407yoho_soshin.pdf,2407yoho_soshin.pdf,2024-06-27
大阪府,令和6(2024)年度へ,https://www.pref.osaka.lg.jp/o120090/nosei/byogaicyu/yohou/2024yohou.html,病害虫発生予察情報（全作目についての病害虫発生の概況）,予報,予察情報第4号（令和6年7月31日発表）（PDF：389KB）,https://www.pref.osaka.lg.jp/documents/107082/2408yoho_soshin.pdf,2408yoho_soshin.pdf,2024-07-31
大阪府,令和6(2024)年度へ,https://www.pref.osaka.lg.jp/o120090/nosei/byogaicyu/yohou/2024yohou.html,病害虫発生予察情報（全作目についての病害虫発生の概況）,予報,予察情報第5号（令和6年8月29日発表）（PDF：398KB）,https://www.pref.osaka.lg.jp/documents/107082/2409yoho_soshin.pdf,2409yoho_soshin.pdf,2024-08-29
大阪府,令和6(2024)年度へ,https://www.pref.osaka.lg.jp/o120090/nosei/byogaicyu/yohou/2024yohou.html,病害虫発生予察情報（全作目についての病害虫発生の概況）,予報,予察情報第6号（令和6年9月26日発表）（PDF：200KB）,https://www.pref.osaka.lg.jp/documents/107082/2410yoho_soshin.pdf,2410yoho_soshin.pdf,2024-09-26
大阪府,令和6(2024)年度へ,https://www.pref.osaka.lg.jp/o120090/nosei/byogaicyu/yohou/2024yohou.html,病害虫発生予察情報（全作目についての病害虫発生の概況）,予報,予察情報第7号（令和6年10月29日発表）（PDF：382KB）,https://www.pref.osaka.lg.jp/documents/107082/2411yoho_soshin.pdf,2411yoho_soshin.pdf,2024-10-29
大阪府,令和6(2024)年度へ,https://www.pref.osaka.lg.jp/o120090/nosei/byogaicyu/yohou/2024yohou.html,病害虫発生予察情報（全作目についての病害虫発生の概況）,予報,予察情報第8号（令和7年3月27日発表）（PDF：229KB）,https://www.pref.osaka.lg.jp/documents/107082/2504yoho_soshin.pdf,2504yoho_soshin.pdf,2025-03-27
大阪府,令和6(2024)年度へ,https://www.pref.osaka.lg.jp/o120090/nosei/byogaicyu/yohou/2024yohou.html,注意報（病害虫が多発しており防除が必要なもの）,注意報,病害虫発生予察注意報第1号「果樹カメムシ類」（令和6年5月16日）（PDF：296KB）,https://www.pref.osaka.lg.jp/documents/107082/2405_chuuihou01-kajukamemushirui.pdf,2405_chuuihou01-kajukamemushirui.pdf,2024-05-16
大阪府,令和6(2024)年度へ,https://www.pref.osaka.lg.jp/o120090/nosei/byogaicyu/yohou/2024yohou.html,注意報（病害虫が多発しており防除が必要なもの）,注意報,病害虫発生予察注意報第2号「オオタバコガ」（令和6年5月24日）（PDF：322KB）,https://www.pref.osaka.lg.jp/documents/107082/2405_chuuihou02-ootabakoga.pdf,2405_chuuihou02-ootabakoga.pdf,2024-05-24
大阪府,令和6(2024)年度へ,https://www.pref.osaka.lg.jp/o120090/nosei/byogaicyu/yohou/2024yohou.html,注意報（病害虫が多発しており防除が必要なもの）,注意報,病害虫発生予察注意報第3号「斑点米カメムシ類」（令和6年8月2日）（PDF：273KB）,https://www.pref.osaka.lg.jp/documents/107082/2408_chuuihou03_hantenmaikamemushirui_soshin.pdf,2408_chuuihou03_hantenmaikamemushirui_soshin.pdf,2024-08-02
大阪府,令和6(2024)年度へ,https://www.pref.osaka.lg.jp/o120090/nosei/byogaicyu/yohou/2024yohou.html,注意報（病害虫が多発しており防除が必要なもの）,注意報,病害虫発生予察注意報第4号「果樹カメムシ類」（令和6年8月2日）（PDF：508KB）,https://www.pref.osaka.lg.jp/documents/107082/2408_chuuihou04_kajukamemushirui_soshin.pdf,2408_chuuihou04_kajukamemushirui_soshin.pdf,2024-08-02
大阪府,令和6(2024)年度へ,https://www.pref.osaka.lg.jp/o120090/nosei/byogaicyu/yohou/2024yohou.html,注意報（病害虫が多発しており防除が必要なもの）,注意報,病害虫発生予察注意報第5号「コナジラミ類」（令和6年8月29日）（PDF：431KB）,https://www.pref.osaka.lg.jp/documents/107082/2408_chuuihou05_konajiramirui_soshin.pdf,2408_chuuihou05_konajiramirui_soshin.pdf,2024-08-29
大阪府,令和6(2024)年度へ,https://www.pref.osaka.lg.jp/o120090/nosei/byogaicyu/yohou/2024yohou.html,注意報（病害虫が多発しており防除が必要なもの）,注意報,病害虫発生予察注意報第6号「シロイチモジヨトウ」（令和6年9月26日）（PDF：434KB）,https://www.pref.osaka.lg.jp/documents/107082/2409_chuuihou06_shiroichimojiyotou_soshin.pdf,2409_chuuihou06_shiroichimojiyotou_soshin.pdf,2024-09-26
大阪府,令和6(2024)年度へ,https://www.pref.osaka.lg.jp/o120090/nosei/byogaicyu/yohou/2024yohou.html,特殊報（新病害虫発生など、通常と異なる発生状況の場合の情報）,特殊報,病害虫発生予察特殊報第1号「CABYV（Cucurbit aphid-borne yellows virus）」（令和7年2月26日）（PDF：314KB）,https://www.pref.osaka.lg.jp/documents/107082/250226_tokusyuhou01_cabyv.pdf,250226_tokusyuhou01_cabyv.pdf,2025-02-26
大阪府,令和6(2024)年度へ,https://www.pref.osaka.lg.jp/o120090/nosei/byogaicyu/yohou/2024yohou.html,その他の防除情報,その他の防除情報,たまねぎのべと病に注意！（令和6年4月25日）（PDF：357KB）,https://www.pref.osaka.lg.jp/documents/107082/2404_r6bojo01-tamanegi_negi_beto.pdf,2404_r6bojo01-tamanegi_negi_beto.pdf,2024-04-25
大阪府,令和6(2024)年度へ,https://www.pref.osaka.lg.jp/o120090/nosei/byogaicyu/yohou/2024yohou.html,その他の防除情報,その他の防除情報,たまねぎのべと病に注意（追加情報）（令和6年5月10日）（PDF：432KB）,https://www.pref.osaka.lg.jp/documents/107082/2405_r6bojo01-2-tamanegi_beto_tsuika.pdf,2405_r6bojo01-2-tamanegi_beto_tsuika.pdf,2024-05-10
大阪府,令和6(2024)年度へ,https://www.pref.osaka.lg.jp/o120090/nosei/byogaicyu/yohou/2024yohou.html,その他の防除情報,その他の防除情報,シロイチモジヨトウ、ハスモンヨトウに注意！（令和6年9月5日）（PDF：223KB）,https://www.pref.osaka.lg.jp/documents/107082/2409_r6bojo03_shiroichihasumon_soshin.pdf,2409_r6bojo03_shiroichihasumon_soshin.pdf,2024-09-05
大阪府,令和6(2024)年度へ,https://www.pref.osaka.lg.jp/o120090/nosei/byogaicyu/yohou/2024yohou.html,その他の防除情報,その他の防除情報,トマトキバガに注意！（令和6年11月5日）（PDF：298KB）,https://www.pref.osaka.lg.jp/documents/107082/2411_r6bojo04_tomatokibaga_soshin.pdf,2411_r6bojo04_tomatokibaga_soshin.pdf,2024-11-05
大阪府,令和5(2023)年度へ,https://www.pref.osaka.lg.jp/o120090/nosei/byogaicyu/yohou/2023yohou.html,予報（全作目についての病害虫発生の概況）,予報,予報第1号（PDF：236KB）,https://www.pref.osaka.lg.jp/documents/95591/202304yoho.pdf,202304yoho.pdf,
大阪府,令和5(2023)年度へ,https://www.pref.osaka.lg.jp/o120090/nosei/byogaicyu/yohou/2023yohou.html,予報（全作目についての病害虫発生の概況）,予報,予報第2号（PDF：226KB）,https://www.pref.osaka.lg.jp/documents/95591/202305yoho.pdf,202305yoho.pdf,
大阪府,令和5(2023)年度へ,https://www.pref.osaka.lg.jp/o120090/nosei/byogaicyu/yohou/2023yohou.html,予報（全作目についての病害虫発生の概況）,予報,予報第3号（PDF：487KB）,https://www.pref.osaka.lg.jp/documents/95591/202306yoho.pdf,202306yoho.pdf,
大阪府,令和5(2023)年度へ,https://www.pref.osaka.lg.jp/o120090/nosei/byogaicyu/yohou/2023yohou.html,予報（全作目についての病害虫発生の概況）,予報,予報第4号（PDF：258KB）,https://www.pref.osaka.lg.jp/documents/95591/202307yoho.pdf,202307yoho.pdf,
大阪府,令和5(2023)年度へ,https://www.pref.osaka.lg.jp/o120090/nosei/byogaicyu/yohou/2023yohou.html,予報（全作目についての病害虫発生の概況）,予報,予報第5号（PDF：257KB）,https://www.pref.osaka.lg.jp/documents/95591/202308yoho.pdf,202308yoho.pdf,
大阪府,令和5(2023)年度へ,https://www.pref.osaka.lg.jp/o120090/nosei/byogaicyu/yohou/2023yohou.html,予報（全作目についての病害虫発生の概況）,予報,予報第6号（PDF：228KB）,https://www.pref.osaka.lg.jp/documents/95591/202309yoho.pdf,202309yoho.pdf,
大阪府,令和5(2023)年度へ,https://www.pref.osaka.lg.jp/o120090/nosei/byogaicyu/yohou/2023yohou.html,予報（全作目についての病害虫発生の概況）,予報,予報第7号（PDF：452KB）,https://www.pref.osaka.lg.jp/documents/95591/202310yoho.pdf,202310yoho.pdf,
大阪府,令和5(2023)年度へ,https://www.pref.osaka.lg.jp/o120090/nosei/byogaicyu/yohou/2023yohou.html,予報（全作目についての病害虫発生の概況）,予報,予報第8号（PDF：355KB）,https://www.pref.osaka.lg.jp/documents/95591/202403yoho.pdf,202403yoho.pdf,
大阪府,令和5(2023)年度へ,https://www.pref.osaka.lg.jp/o120090/nosei/byogaicyu/yohou/2023yohou.html,注意報（病害虫が多発しており防除が必要なもの）,注意報,注意報第1号「シロイチモジヨトウ」,https://www.pref.osaka.lg.jp/documents/95591/202308_chuuihou01_shiroichimojiyotou.pdf,202308_chuuihou01_shiroichimojiyotou.pdf,
大阪府,令和5(2023)年度へ,https://www.pref.osaka.lg.jp/o120090/nosei/byogaicyu/yohou/2023yohou.html,特殊報（新病害虫発生など、通常と異なる発生状況の場合の情報）,特殊報,特殊報第1号「トマトキバガ」（PDF：742KB）,https://www.pref.osaka.lg.jp/documents/95591/202310_tokusyuhou01_tomatokibaga.pdf,202310_tokusyuhou01_tomatokibaga.pdf,
大阪府,令和5(2023)年度へ,https://www.pref.osaka.lg.jp/o120090/nosei/byogaicyu/yohou/2023yohou.html,特殊報（新病害虫発生など、通常と異なる発生状況の場合の情報）,特殊報,特殊報第2号「ピーマン炭疽病」（PDF：522KB）,https://www.pref.osaka.lg.jp/documents/95591/202403_tokusyuhou02_pimantansobyou.pdf,202403_tokusyuhou02_pimantansobyou.pdf,
大阪府,令和5(2023)年度へ,https://www.pref.osaka.lg.jp/o120090/nosei/byogaicyu/yohou/2023yohou.html,その他の防除情報,その他の防除情報,たまねぎのべと病に引き続き注意！（PDF：250KB）,https://www.pref.osaka.lg.jp/documents/95591/202305_jouhou01_tamanegi-beto.pdf,202305_jouhou01_tamanegi-beto.pdf,
大阪府,令和5(2023)年度へ,https://www.pref.osaka.lg.jp/o120090/nosei/byogaicyu/yohou/2023yohou.html,その他の防除情報,その他の防除情報,引き続きシロイチモジヨトウに注意を！（PDF：223KB）,https://www.pref.osaka.lg.jp/documents/95591/202310_jouhou02_siroitimojiyotou.pdf,202310_jouhou02_siroitimojiyotou.pdf,
大阪府,令和5(2023)年度へ,https://www.pref.osaka.lg.jp/o120090/nosei/byogaicyu/yohou/2023yohou.html,その他の防除情報,その他の防除情報,たまねぎのベと病に注意！（PDF：325KB）,https://www.pref.osaka.lg.jp/documents/95591/202403_jouhou03_tamanegi-beto2.pdf,202403_jouhou03_tamanegi-beto2.pdf,
大阪府,令和4(2022)年度へ,https://www.pref.osaka.lg.jp/o120090/nosei/byogaicyu/yohou/2022yohou.html,予報（全作目についての病害虫発生の概況）,予報,予報第1号（PDF：207KB）,https://www.pref.osaka.lg.jp/documents/95574/202204yoho.pdf,202204yoho.pdf,
大阪府,令和4(2022)年度へ,https://www.pref.osaka.lg.jp/o120090/nosei/byogaicyu/yohou/2022yohou.html,予報（全作目についての病害虫発生の概況）,予報,予報第2号（PDF：363KB）,https://www.pref.osaka.lg.jp/documents/95574/202205yoho.pdf,202205yoho.pdf,
大阪府,令和4(2022)年度へ,https://www.pref.osaka.lg.jp/o120090/nosei/byogaicyu/yohou/2022yohou.html,予報（全作目についての病害虫発生の概況）,予報,予報第3号（PDF：384KB）,https://www.pref.osaka.lg.jp/documents/95574/202206yoho.pdf,202206yoho.pdf,
大阪府,令和4(2022)年度へ,https://www.pref.osaka.lg.jp/o120090/nosei/byogaicyu/yohou/2022yohou.html,予報（全作目についての病害虫発生の概況）,予報,予報第4号（PDF：381KB）,https://www.pref.osaka.lg.jp/documents/95574/202207yoho.pdf,202207yoho.pdf,
大阪府,令和4(2022)年度へ,https://www.pref.osaka.lg.jp/o120090/nosei/byogaicyu/yohou/2022yohou.html,予報（全作目についての病害虫発生の概況）,予報,予報第5号（PDF：377KB）,https://www.pref.osaka.lg.jp/documents/95574/202208yoho.pdf,202208yoho.pdf,
大阪府,令和4(2022)年度へ,https://www.pref.osaka.lg.jp/o120090/nosei/byogaicyu/yohou/2022yohou.html,予報（全作目についての病害虫発生の概況）,予報,予報第6号（PDF：219KB）,https://www.pref.osaka.lg.jp/documents/95574/202209yoho.pdf,202209yoho.pdf,
大阪府,令和4(2022)年度へ,https://www.pref.osaka.lg.jp/o120090/nosei/byogaicyu/yohou/2022yohou.html,予報（全作目についての病害虫発生の概況）,予報,予報第7号（PDF：360KB）,https://www.pref.osaka.lg.jp/documents/95574/202210yoho.pdf,202210yoho.pdf,
大阪府,令和4(2022)年度へ,https://www.pref.osaka.lg.jp/o120090/nosei/byogaicyu/yohou/2022yohou.html,予報（全作目についての病害虫発生の概況）,予報,予報第8号（PDF：323KB）,https://www.pref.osaka.lg.jp/documents/95574/202303yoho.pdf,202303yoho.pdf,
大阪府,令和4(2022)年度へ,https://www.pref.osaka.lg.jp/o120090/nosei/byogaicyu/yohou/2022yohou.html,注意報（病害虫が多発しており防除が必要なもの）,注意報,注意報第1号「果樹カメムシ類」（PDF：324KB）,https://www.pref.osaka.lg.jp/documents/95574/202207_tyuihou01_kajukame.pdf,202207_tyuihou01_kajukame.pdf,
大阪府,令和4(2022)年度へ,https://www.pref.osaka.lg.jp/o120090/nosei/byogaicyu/yohou/2022yohou.html,特殊報（新病害虫発生など、通常と異なる発生状況の場合の情報）,特殊報,特殊報第1号「タマネギえそ条斑病」（PDF：311KB）,https://www.pref.osaka.lg.jp/documents/95574/202205_tokusyuhou01_tamanegiesojouhan.pdf,202205_tokusyuhou01_tamanegiesojouhan.pdf,
大阪府,令和4(2022)年度へ,https://www.pref.osaka.lg.jp/o120090/nosei/byogaicyu/yohou/2022yohou.html,特殊報（新病害虫発生など、通常と異なる発生状況の場合の情報）,特殊報,特殊報第2号「サツマイモ基腐病」（PDF：334KB）,https://www.pref.osaka.lg.jp/documents/95574/202210_tokusyuhou02_satumaimomotogusare.pdf,202210_tokusyuhou02_satumaimomotogusare.pdf,
大阪府,令和4(2022)年度へ,https://www.pref.osaka.lg.jp/o120090/nosei/byogaicyu/yohou/2022yohou.html,特殊報（新病害虫発生など、通常と異なる発生状況の場合の情報）,特殊報,特殊報第3号「チバクロバネキノコバエ」（PDF：313KB）,https://www.pref.osaka.lg.jp/documents/95574/202301_tokusyuhou03_chibakurobanekinokobae.pdf,202301_tokusyuhou03_chibakurobanekinokobae.pdf,
大阪府,令和4(2022)年度へ,https://www.pref.osaka.lg.jp/o120090/nosei/byogaicyu/yohou/2022yohou.html,その他の防除情報,その他の防除情報,たまねぎのべと病に引き続き注意！（PDF：107KB）,https://www.pref.osaka.lg.jp/documents/95574/202204_jouhou01_tanmanegi-beto.pdf,202204_jouhou01_tanmanegi-beto.pdf,
大阪府,令和4(2022)年度へ,https://www.pref.osaka.lg.jp/o120090/nosei/byogaicyu/yohou/2022yohou.html,その他の防除情報,その他の防除情報,果樹カメムシ類に注意！（PDF：311KB）,https://www.pref.osaka.lg.jp/documents/95574/202206_jouhou02_kajukame.pdf,202206_jouhou02_kajukame.pdf,
大阪府,令和4(2022)年度へ,https://www.pref.osaka.lg.jp/o120090/nosei/byogaicyu/yohou/2022yohou.html,その他の防除情報,その他の防除情報,水稲トビイロウンカ今年の状況について（PDF：753KB）,https://www.pref.osaka.lg.jp/documents/95574/202207_jouhou03_tobiirounka.pdf,202207_jouhou03_tobiirounka.pdf,
大阪府,令和4(2022)年度へ,https://www.pref.osaka.lg.jp/o120090/nosei/byogaicyu/yohou/2022yohou.html,その他の防除情報,その他の防除情報,シロイチモジヨトウに注意！（PDF：355KB）,https://www.pref.osaka.lg.jp/documents/95574/202207_jouhou04_siroityimojiyotou.pdf,202207_jouhou04_siroityimojiyotou.pdf,
大阪府,令和4(2022)年度へ,https://www.pref.osaka.lg.jp/o120090/nosei/byogaicyu/yohou/2022yohou.html,その他の防除情報,その他の防除情報,オオタバコガに注意！（PDF：349KB）,https://www.pref.osaka.lg.jp/documents/95574/202207_jouhou05_ootabakoga.pdf,202207_jouhou05_ootabakoga.pdf,
大阪府,令和4(2022)年度へ,https://www.pref.osaka.lg.jp/o120090/nosei/byogaicyu/yohou/2022yohou.html,その他の防除情報,その他の防除情報,水稲 斑点米カメムシ類に注意！！（PDF：841KB）,https://www.pref.osaka.lg.jp/documents/95574/202208_jouhou06_hantenmaikame.pdf,202208_jouhou06_hantenmaikame.pdf,
大阪府,令和4(2022)年度へ,https://www.pref.osaka.lg.jp/o120090/nosei/byogaicyu/yohou/2022yohou.html,その他の防除情報,その他の防除情報,引き続きオオタバコガに注意を！（PDF：337KB）,https://www.pref.osaka.lg.jp/documents/95574/202209_jouhou07_ootabakoga2.pdf,202209_jouhou07_ootabakoga2.pdf,
大阪府,令和4(2022)年度へ,https://www.pref.osaka.lg.jp/o120090/nosei/byogaicyu/yohou/2022yohou.html,その他の防除情報,その他の防除情報,坪枯れ発生！トビイロウンカに注意！！（PDF：817KB）,https://www.pref.osaka.lg.jp/documents/95574/202209_jouhou08_tobiirounka2.pdf,202209_jouhou08_tobiirounka2.pdf,
大阪府,令和4(2022)年度へ,https://www.pref.osaka.lg.jp/o120090/nosei/byogaicyu/yohou/2022yohou.html,その他の防除情報,その他の防除情報,コナジラミ類に注意！（PDF：620KB）,https://www.pref.osaka.lg.jp/documents/95574/202210_jouhou09_konajirami.pdf,202210_jouhou09_konajirami.pdf,
大阪府,令和4(2022)年度へ,https://www.pref.osaka.lg.jp/o120090/nosei/byogaicyu/yohou/2022yohou.html,その他の防除情報,その他の防除情報,たまねぎのべと病に注意！（PDF：107KB）,https://www.pref.osaka.lg.jp/documents/95574/202303_jouhou10_tamanegi-beto.pdf,202303_jouhou10_tamanegi-beto.pdf,
大阪府,令和3(2021)年度へ,https://www.pref.osaka.lg.jp/o120090/nosei/byogaicyu/yohou/2021yohou.html,予報（全作目についての病害虫発生の概況）,予報,予報第1号（PDF：204KB）,https://www.pref.osaka.lg.jp/documents/95559/202104yohou.pdf,202104yohou.pdf,
大阪府,令和3(2021)年度へ,https://www.pref.osaka.lg.jp/o120090/nosei/byogaicyu/yohou/2021yohou.html,予報（全作目についての病害虫発生の概況）,予報,予報第2号（PDF：212KB）,https://www.pref.osaka.lg.jp/documents/95559/202105yohou.pdf,202105yohou.pdf,
大阪府,令和3(2021)年度へ,https://www.pref.osaka.lg.jp/o120090/nosei/byogaicyu/yohou/2021yohou.html,予報（全作目についての病害虫発生の概況）,予報,予報第3号（PDF：218KB）,https://www.pref.osaka.lg.jp/documents/95559/202106yohou.pdf,202106yohou.pdf,
大阪府,令和3(2021)年度へ,https://www.pref.osaka.lg.jp/o120090/nosei/byogaicyu/yohou/2021yohou.html,予報（全作目についての病害虫発生の概況）,予報,予報第4号（PDF：220KB）,https://www.pref.osaka.lg.jp/documents/95559/202107yohou.pdf,202107yohou.pdf,
大阪府,令和3(2021)年度へ,https://www.pref.osaka.lg.jp/o120090/nosei/byogaicyu/yohou/2021yohou.html,予報（全作目についての病害虫発生の概況）,予報,予報第5号（PDF：209KB）,https://www.pref.osaka.lg.jp/documents/95559/202108yohou.pdf,202108yohou.pdf,
大阪府,令和3(2021)年度へ,https://www.pref.osaka.lg.jp/o120090/nosei/byogaicyu/yohou/2021yohou.html,予報（全作目についての病害虫発生の概況）,予報,予報第6号（PDF：197KB）,https://www.pref.osaka.lg.jp/documents/95559/202109yohou.pdf,202109yohou.pdf,
大阪府,令和3(2021)年度へ,https://www.pref.osaka.lg.jp/o120090/nosei/byogaicyu/yohou/2021yohou.html,予報（全作目についての病害虫発生の概況）,予報,予報第7号（PDF：189KB）,https://www.pref.osaka.lg.jp/documents/95559/202110yohou.pdf,202110yohou.pdf,
大阪府,令和3(2021)年度へ,https://www.pref.osaka.lg.jp/o120090/nosei/byogaicyu/yohou/2021yohou.html,予報（全作目についての病害虫発生の概況）,予報,予報第8号（PDF：161KB）,https://www.pref.osaka.lg.jp/documents/95559/202203yohou.pdf,202203yohou.pdf,
大阪府,令和3(2021)年度へ,https://www.pref.osaka.lg.jp/o120090/nosei/byogaicyu/yohou/2021yohou.html,注意報（病害虫が多発しており防除が必要なもの）,注意報,注意報第1号「たまねぎべと病」（PDF：114KB）,https://www.pref.osaka.lg.jp/documents/95559/202105_tyuihou01_tamanegi-beto.pdf,202105_tyuihou01_tamanegi-beto.pdf,
大阪府,令和3(2021)年度へ,https://www.pref.osaka.lg.jp/o120090/nosei/byogaicyu/yohou/2021yohou.html,注意報（病害虫が多発しており防除が必要なもの）,注意報,注意報第2号「ハスモンヨトウ」（PDF：190KB）,https://www.pref.osaka.lg.jp/documents/95559/202106_tyuihou02_hasumonyotou.pdf,202106_tyuihou02_hasumonyotou.pdf,
大阪府,令和3(2021)年度へ,https://www.pref.osaka.lg.jp/o120090/nosei/byogaicyu/yohou/2021yohou.html,注意報（病害虫が多発しており防除が必要なもの）,注意報,注意報第3号「トビイロウンカ」（PDF：229KB）,https://www.pref.osaka.lg.jp/documents/95559/202108_tyuihou03_tobiirounka.pdf,202108_tyuihou03_tobiirounka.pdf,
大阪府,令和3(2021)年度へ,https://www.pref.osaka.lg.jp/o120090/nosei/byogaicyu/yohou/2021yohou.html,特殊報（新病害虫発生など、通常と異なる発生状況の場合の情報）,特殊報,特殊報第1号「タマネギ黒腐菌核病」（令和3年4月19日発表）,https://www.jppn.ne.jp/osaka/R3rd/tokushu/kurogusare_kinkaku.pdf,kurogusare_kinkaku.pdf,2021-04-19
大阪府,令和3(2021)年度へ,https://www.pref.osaka.lg.jp/o120090/nosei/byogaicyu/yohou/2021yohou.html,特殊報（新病害虫発生など、通常と異なる発生状況の場合の情報）,特殊報,特殊報第2号「ビワキジラミ」（令和3年6月28日発表）,https://www.jppn.ne.jp/osaka/R3rd/tokushu/R306-osaka-biwakijirami.pdf,R306-osaka-biwakijirami.pdf,2021-06-28
大阪府,令和3(2021)年度へ,https://www.pref.osaka.lg.jp/o120090/nosei/byogaicyu/yohou/2021yohou.html,特殊報（新病害虫発生など、通常と異なる発生状況の場合の情報）,特殊報,特殊報第3号「キュウリ退緑黄化病」（令和3年9月8日発表）,https://www.jppn.ne.jp/osaka/R3rd/tokushu/tairyokuoukabyou.pdf,tairyokuoukabyou.pdf,2021-09-08
大阪府,令和3(2021)年度へ,https://www.pref.osaka.lg.jp/o120090/nosei/byogaicyu/yohou/2021yohou.html,その他の防除情報,その他の防除情報,たまねぎのべと病に引き続き注意！（PDF：114KB）,https://www.pref.osaka.lg.jp/documents/95559/202104_jouhou01_tamanegi-beto.pdf,202104_jouhou01_tamanegi-beto.pdf,
大阪府,令和3(2021)年度へ,https://www.pref.osaka.lg.jp/o120090/nosei/byogaicyu/yohou/2021yohou.html,その他の防除情報,その他の防除情報,クビアカツヤカミキリに注意！（PDF：271KB）,https://www.pref.osaka.lg.jp/documents/95559/202105_jouhou02_kubiaka.pdf,202105_jouhou02_kubiaka.pdf,
大阪府,令和3(2021)年度へ,https://www.pref.osaka.lg.jp/o120090/nosei/byogaicyu/yohou/2021yohou.html,その他の防除情報,その他の防除情報,ぶどう（特に露地栽培）べと病に注意！（PDF：171KB）,https://www.pref.osaka.lg.jp/documents/95559/202105_jouhou03_budou-beto.pdf,202105_jouhou03_budou-beto.pdf,
大阪府,令和3(2021)年度へ,https://www.pref.osaka.lg.jp/o120090/nosei/byogaicyu/yohou/2021yohou.html,その他の防除情報,その他の防除情報,トビイロウンカの例年より早い初誘殺を確認！今年も十分注意を！（PDF：921KB）,https://www.pref.osaka.lg.jp/documents/95559/202105_jouhou04_tobiirounka.pdf,202105_jouhou04_tobiirounka.pdf,
大阪府,令和3(2021)年度へ,https://www.pref.osaka.lg.jp/o120090/nosei/byogaicyu/yohou/2021yohou.html,その他の防除情報,その他の防除情報,水稲トビイロウンカ防除情報第2号 6月中下旬にも飛来を確認！適期防除を忘れずに！（PDF：212KB）,https://www.pref.osaka.lg.jp/documents/95559/202107_jouhou05_tobiirounka2.pdf,202107_jouhou05_tobiirounka2.pdf,
大阪府,令和3(2021)年度へ,https://www.pref.osaka.lg.jp/o120090/nosei/byogaicyu/yohou/2021yohou.html,その他の防除情報,その他の防除情報,"水稲の「いもち病」に注意しましょう！穂いもち発生防止に向けて適期防除を忘れずに！（PDF：1,184KB）",https://www.pref.osaka.lg.jp/documents/95559/202108_jouhou06_imoti.pdf,202108_jouhou06_imoti.pdf,
大阪府,令和3(2021)年度へ,https://www.pref.osaka.lg.jp/o120090/nosei/byogaicyu/yohou/2021yohou.html,その他の防除情報,その他の防除情報,露地なす（特に水なす）の褐紋病に注意！（PDF：108KB）,https://www.pref.osaka.lg.jp/documents/95559/202108_jouhou07_nasu-katumon.pdf,202108_jouhou07_nasu-katumon.pdf,
大阪府,令和3(2021)年度へ,https://www.pref.osaka.lg.jp/o120090/nosei/byogaicyu/yohou/2021yohou.html,その他の防除情報,その他の防除情報,シロイチモジヨトウに注意！（PDF：168KB）,https://www.pref.osaka.lg.jp/documents/95559/202109_jouhou08_siroitimojiyotou.pdf,202109_jouhou08_siroitimojiyotou.pdf,
大阪府,令和3(2021)年度へ,https://www.pref.osaka.lg.jp/o120090/nosei/byogaicyu/yohou/2021yohou.html,その他の防除情報,その他の防除情報,ハスモンヨトウの発生に注意！（PDF：227KB）,https://www.pref.osaka.lg.jp/documents/95559/202110_jouhou09_hasumonyotou.pdf,202110_jouhou09_hasumonyotou.pdf,
大阪府,令和3(2021)年度へ,https://www.pref.osaka.lg.jp/o120090/nosei/byogaicyu/yohou/2021yohou.html,その他の防除情報,その他の防除情報,たまねぎのべと病に注意！（PDF：105KB）,https://www.pref.osaka.lg.jp/documents/95559/202203_jouhou10_tamanegi-beto.pdf,202203_jouhou10_tamanegi-beto.pdf,
大阪府,令和3(2021)年度へ,https://www.pref.osaka.lg.jp/o120090/nosei/byogaicyu/yohou/2021yohou.html,その他の防除情報,その他の防除情報,せん孔細菌病（もも）の発生に注意！（PDF：299KB）,https://www.pref.osaka.lg.jp/documents/95559/202203_jouhou11_momo-senkousaikin.pdf,202203_jouhou11_momo-senkousaikin.pdf,
大阪府,令和2(2020)年度へ,https://www.pref.osaka.lg.jp/o120090/nosei/byogaicyu/yohou/2020yohou.html,予報（全作目についての病害虫発生の概況）,予報,予報第1号（PDF：266KB）,https://www.pref.osaka.lg.jp/documents/95392/202004yohou.pdf,202004yohou.pdf,
大阪府,令和2(2020)年度へ,https://www.pref.osaka.lg.jp/o120090/nosei/byogaicyu/yohou/2020yohou.html,予報（全作目についての病害虫発生の概況）,予報,予報第2号（PDF：206KB）,https://www.pref.osaka.lg.jp/documents/95392/202005yohou.pdf,202005yohou.pdf,
大阪府,令和2(2020)年度へ,https://www.pref.osaka.lg.jp/o120090/nosei/byogaicyu/yohou/2020yohou.html,予報（全作目についての病害虫発生の概況）,予報,予報第3号（PDF：226KB）,https://www.pref.osaka.lg.jp/documents/95392/202006yohou.pdf,202006yohou.pdf,
大阪府,令和2(2020)年度へ,https://www.pref.osaka.lg.jp/o120090/nosei/byogaicyu/yohou/2020yohou.html,予報（全作目についての病害虫発生の概況）,予報,予報第4号（PDF：287KB）,https://www.pref.osaka.lg.jp/documents/95392/202007yohou.pdf,202007yohou.pdf,
大阪府,令和2(2020)年度へ,https://www.pref.osaka.lg.jp/o120090/nosei/byogaicyu/yohou/2020yohou.html,予報（全作目についての病害虫発生の概況）,予報,予報第5号（PDF：290KB）,https://www.pref.osaka.lg.jp/documents/95392/202008yohou.pdf,202008yohou.pdf,
大阪府,令和2(2020)年度へ,https://www.pref.osaka.lg.jp/o120090/nosei/byogaicyu/yohou/2020yohou.html,予報（全作目についての病害虫発生の概況）,予報,予報第6号（PDF：262KB）,https://www.pref.osaka.lg.jp/documents/95392/202009yohou.pdf,202009yohou.pdf,
大阪府,令和2(2020)年度へ,https://www.pref.osaka.lg.jp/o120090/nosei/byogaicyu/yohou/2020yohou.html,注意報（病害虫が多発しており防除が必要なもの）,注意報,注意報第1号「トビイロウンカ」（PDF：130KB）,https://www.pref.osaka.lg.jp/documents/95392/202009_tyuihou01_tobiirounka.pdf,202009_tyuihou01_tobiirounka.pdf,
大阪府,令和2(2020)年度へ,https://www.pref.osaka.lg.jp/o120090/nosei/byogaicyu/yohou/2020yohou.html,特殊報（新病害虫発生など、通常と異なる発生状況の場合の情報）,特殊報,特殊報第1号「ヨツモンカメノコハムシ」（PDF：173KB）,https://www.pref.osaka.lg.jp/documents/95392/202009_tokusyuhou01_yotsumonkamenokohamusi.pdf,202009_tokusyuhou01_yotsumonkamenokohamusi.pdf,
大阪府,令和2(2020)年度へ,https://www.pref.osaka.lg.jp/o120090/nosei/byogaicyu/yohou/2020yohou.html,特殊報（新病害虫発生など、通常と異なる発生状況の場合の情報）,特殊報,特殊報第2号「キュウリ黄化えそ病」（PDF：281KB）,https://www.pref.osaka.lg.jp/documents/95392/202010_tokusyuhou02_kyuuri-oukaeso.pdf,202010_tokusyuhou02_kyuuri-oukaeso.pdf,
大阪府,令和2(2020)年度へ,https://www.pref.osaka.lg.jp/o120090/nosei/byogaicyu/yohou/2020yohou.html,特殊報（新病害虫発生など、通常と異なる発生状況の場合の情報）,特殊報,特殊報第3号「ヨコバイ科の一種（和名なし）」（PDF：583KB）,https://www.pref.osaka.lg.jp/documents/95392/202010_tokusyuhou03_sumomo-yokobai.pdf,202010_tokusyuhou03_sumomo-yokobai.pdf,
大阪府,令和2(2020)年度へ,https://www.pref.osaka.lg.jp/o120090/nosei/byogaicyu/yohou/2020yohou.html,その他の防除情報,その他の防除情報,引き続きたまねぎのべと病に注意！（PDF：107KB）,https://www.pref.osaka.lg.jp/documents/95392/202004_jouhou01_tamanegi-beto.pdf,202004_jouhou01_tamanegi-beto.pdf,
大阪府,令和2(2020)年度へ,https://www.pref.osaka.lg.jp/o120090/nosei/byogaicyu/yohou/2020yohou.html,その他の防除情報,その他の防除情報,引き続きたまねぎのべと病に注意を！（PDF：103KB）,https://www.pref.osaka.lg.jp/documents/95392/202004_jouhou02_tamanegi-beto2.pdf,202004_jouhou02_tamanegi-beto2.pdf,
大阪府,令和2(2020)年度へ,https://www.pref.osaka.lg.jp/o120090/nosei/byogaicyu/yohou/2020yohou.html,その他の防除情報,その他の防除情報,クビアカツヤカミキリに注意を！（PDF：217KB）,https://www.pref.osaka.lg.jp/documents/95392/202005_jouhou03_kubiaka.pdf,202005_jouhou03_kubiaka.pdf,
大阪府,令和2(2020)年度へ,https://www.pref.osaka.lg.jp/o120090/nosei/byogaicyu/yohou/2020yohou.html,その他の防除情報,その他の防除情報,なす灰色かび病に注意！（PDF：82KB）,https://www.pref.osaka.lg.jp/documents/95392/202005_jouhou04_haikabi.pdf,202005_jouhou04_haikabi.pdf,
大阪府,令和2(2020)年度へ,https://www.pref.osaka.lg.jp/o120090/nosei/byogaicyu/yohou/2020yohou.html,その他の防除情報,その他の防除情報,果樹カメムシ類に注意！（PDF：634KB）,https://www.pref.osaka.lg.jp/documents/95392/202006_jouhou05_kajukame.pdf,202006_jouhou05_kajukame.pdf,
大阪府,令和2(2020)年度へ,https://www.pref.osaka.lg.jp/o120090/nosei/byogaicyu/yohou/2020yohou.html,その他の防除情報,その他の防除情報,シロイチモジヨトウに注意！（PDF：164KB）,https://www.pref.osaka.lg.jp/documents/95392/202006_jouhou06_siroitimojiyotou.pdf,202006_jouhou06_siroitimojiyotou.pdf,
大阪府,令和2(2020)年度へ,https://www.pref.osaka.lg.jp/o120090/nosei/byogaicyu/yohou/2020yohou.html,その他の防除情報,その他の防除情報,露地ぶどう べと病に注意！（PDF：99KB）,https://www.pref.osaka.lg.jp/documents/95392/202007_jouhou07_budou-beto.pdf,202007_jouhou07_budou-beto.pdf,
大阪府,令和2(2020)年度へ,https://www.pref.osaka.lg.jp/o120090/nosei/byogaicyu/yohou/2020yohou.html,その他の防除情報,その他の防除情報,水稲・トビイロウンカに注意！（PDF：114KB）,https://www.pref.osaka.lg.jp/documents/95392/202008_jouhou08_tobiirounka.pdf,202008_jouhou08_tobiirounka.pdf,
大阪府,令和2(2020)年度へ,https://www.pref.osaka.lg.jp/o120090/nosei/byogaicyu/yohou/2020yohou.html,その他の防除情報,その他の防除情報,水稲・トビイロウンカに引き続き注意しましょう！（PDF：108KB）,https://www.pref.osaka.lg.jp/documents/95392/202009_jouhou09_tobiirounka2.pdf,202009_jouhou09_tobiirounka2.pdf,
大阪府,令和2(2020)年度へ,https://www.pref.osaka.lg.jp/o120090/nosei/byogaicyu/yohou/2020yohou.html,その他の防除情報,その他の防除情報,ヨトウムシ類（シロイチモジヨトウ、ハスモンヨトウなど）に注意！（PDF：92KB）,https://www.pref.osaka.lg.jp/documents/95392/202010_jouhou10_yotou.pdf,202010_jouhou10_yotou.pdf,
大阪府,令和2(2020)年度へ,https://www.pref.osaka.lg.jp/o120090/nosei/byogaicyu/yohou/2020yohou.html,その他の防除情報,その他の防除情報,たまねぎのべと病に注意！（PDF：107KB）,https://www.pref.osaka.lg.jp/documents/95392/202103_jouhou11_tamanegi-beto.pdf,202103_jouhou11_tamanegi-beto.pdf,
大阪府,令和2(2020)年度へ,https://www.pref.osaka.lg.jp/o120090/nosei/byogaicyu/yohou/2020yohou.html,その他の防除情報,その他の防除情報,せん孔細菌病(もも)の発生に注意！（PDF：203KB）,https://www.pref.osaka.lg.jp/documents/95392/202103_jouhou12_momo-senkousaikin.pdf,202103_jouhou12_momo-senkousaikin.pdf,
大阪府,令和元(平成31(2019))年度へ,https://www.pref.osaka.lg.jp/o120090/nosei/byogaicyu/yohou/2019yohou.html,予報（全作目についての病害虫発生の概況）,予報,予報第1号（PDF：234KB）,https://www.pref.osaka.lg.jp/documents/95370/201904yohou.pdf,201904yohou.pdf,
大阪府,令和元(平成31(2019))年度へ,https://www.pref.osaka.lg.jp/o120090/nosei/byogaicyu/yohou/2019yohou.html,予報（全作目についての病害虫発生の概況）,予報,予報第2号（PDF：279KB）,https://www.pref.osaka.lg.jp/documents/95370/201905yohou.pdf,201905yohou.pdf,
大阪府,令和元(平成31(2019))年度へ,https://www.pref.osaka.lg.jp/o120090/nosei/byogaicyu/yohou/2019yohou.html,予報（全作目についての病害虫発生の概況）,予報,予報第3号（PDF：197KB）,https://www.pref.osaka.lg.jp/documents/95370/201906yohou.pdf,201906yohou.pdf,
大阪府,令和元(平成31(2019))年度へ,https://www.pref.osaka.lg.jp/o120090/nosei/byogaicyu/yohou/2019yohou.html,予報（全作目についての病害虫発生の概況）,予報,予報第4号（PDF：356KB）,https://www.pref.osaka.lg.jp/documents/95370/201907yohou.pdf,201907yohou.pdf,
大阪府,令和元(平成31(2019))年度へ,https://www.pref.osaka.lg.jp/o120090/nosei/byogaicyu/yohou/2019yohou.html,予報（全作目についての病害虫発生の概況）,予報,予報第5号（PDF：357KB）,https://www.pref.osaka.lg.jp/documents/95370/201908yohou.pdf,201908yohou.pdf,
大阪府,令和元(平成31(2019))年度へ,https://www.pref.osaka.lg.jp/o120090/nosei/byogaicyu/yohou/2019yohou.html,予報（全作目についての病害虫発生の概況）,予報,予報第6号（PDF：323KB）,https://www.pref.osaka.lg.jp/documents/95370/201909yohou.pdf,201909yohou.pdf,
大阪府,令和元(平成31(2019))年度へ,https://www.pref.osaka.lg.jp/o120090/nosei/byogaicyu/yohou/2019yohou.html,特殊報（新病害虫発生など、通常と異なる発生状況の場合の情報）,特殊報,特殊報第1号「タバコノミハムシ」（PDF：243KB）,https://www.pref.osaka.lg.jp/documents/95370/201907_tokusyuhou01_tabakonomihamusi.pdf,201907_tokusyuhou01_tabakonomihamusi.pdf,
大阪府,令和元(平成31(2019))年度へ,https://www.pref.osaka.lg.jp/o120090/nosei/byogaicyu/yohou/2019yohou.html,特殊報（新病害虫発生など、通常と異なる発生状況の場合の情報）,特殊報,特殊報第2号「クロテンコナカイガラムシ」（PDF：212KB）,https://www.pref.osaka.lg.jp/documents/95370/201909_tokusyuhou02_kurotenkonakaigara.pdf,201909_tokusyuhou02_kurotenkonakaigara.pdf,
大阪府,令和元(平成31(2019))年度へ,https://www.pref.osaka.lg.jp/o120090/nosei/byogaicyu/yohou/2019yohou.html,特殊報（新病害虫発生など、通常と異なる発生状況の場合の情報）,特殊報,特殊報第3号「ツマジロクサヨトウ」（PDF：109KB）,https://www.pref.osaka.lg.jp/documents/95370/201910_tokusyuhou03_tumajirokusayotou.pdf,201910_tokusyuhou03_tumajirokusayotou.pdf,
大阪府,令和元(平成31(2019))年度へ,https://www.pref.osaka.lg.jp/o120090/nosei/byogaicyu/yohou/2019yohou.html,特殊報（新病害虫発生など、通常と異なる発生状況の場合の情報）,特殊報,特殊報第4号「ネギハモグリバエ別系統」（PDF：396KB）,https://www.pref.osaka.lg.jp/documents/95370/201912_tokusyuhou04_negihamoguribae-btype.pdf,201912_tokusyuhou04_negihamoguribae-btype.pdf,
大阪府,令和元(平成31(2019))年度へ,https://www.pref.osaka.lg.jp/o120090/nosei/byogaicyu/yohou/2019yohou.html,その他,その他,クビアカツヤカミキリに注意！（PDF：205KB）,https://www.pref.osaka.lg.jp/documents/95370/201905_jouhou01_kubiaka.pdf,201905_jouhou01_kubiaka.pdf,
大阪府,令和元(平成31(2019))年度へ,https://www.pref.osaka.lg.jp/o120090/nosei/byogaicyu/yohou/2019yohou.html,その他,その他,シロイチモジヨトウに注意！（PDF：198KB）,https://www.pref.osaka.lg.jp/documents/95370/201906_jouhou02_siroitimojiyotou.pdf,201906_jouhou02_siroitimojiyotou.pdf,
大阪府,令和元(平成31(2019))年度へ,https://www.pref.osaka.lg.jp/o120090/nosei/byogaicyu/yohou/2019yohou.html,その他,その他,露地ぶどう べと病に注意！（PDF：109KB）,https://www.pref.osaka.lg.jp/documents/95370/201907_jouhou03_budou-beto.pdf,201907_jouhou03_budou-beto.pdf,
大阪府,令和元(平成31(2019))年度へ,https://www.pref.osaka.lg.jp/o120090/nosei/byogaicyu/yohou/2019yohou.html,その他,その他,水稲・トビイロウンカに注意！（PDF：104KB）,https://www.pref.osaka.lg.jp/documents/95370/201909_jouhou04_tobiirounka.pdf,201909_jouhou04_tobiirounka.pdf,
大阪府,令和元(平成31(2019))年度へ,https://www.pref.osaka.lg.jp/o120090/nosei/byogaicyu/yohou/2019yohou.html,その他,その他,ヨトウムシ類に注意！（PDF：107KB）,https://www.pref.osaka.lg.jp/documents/95370/201909_jouhou05_yotou.pdf,201909_jouhou05_yotou.pdf,
大阪府,令和元(平成31(2019))年度へ,https://www.pref.osaka.lg.jp/o120090/nosei/byogaicyu/yohou/2019yohou.html,その他,その他,キャベツのアブラムシ類に注意！（PDF：86KB）,https://www.pref.osaka.lg.jp/documents/95370/201910_jouhou06_aburamusi.pdf,201910_jouhou06_aburamusi.pdf,
大阪府,令和元(平成31(2019))年度へ,https://www.pref.osaka.lg.jp/o120090/nosei/byogaicyu/yohou/2019yohou.html,その他,その他,たまねぎべと病に注意！（PDF：134KB）,https://www.pref.osaka.lg.jp/documents/95370/202002_jouhou07_tamanegi-beto.pdf,202002_jouhou07_tamanegi-beto.pdf,
大阪府,令和元(平成31(2019))年度へ,https://www.pref.osaka.lg.jp/o120090/nosei/byogaicyu/yohou/2019yohou.html,その他,その他,たまねぎ白色疫病注意！（PDF：584KB）,https://www.pref.osaka.lg.jp/documents/95370/202003_jouhou08_tamanegi-siroeki.pdf,202003_jouhou08_tamanegi-siroeki.pdf,
大阪府,令和元(平成31(2019))年度へ,https://www.pref.osaka.lg.jp/o120090/nosei/byogaicyu/yohou/2019yohou.html,その他,その他,せん孔細菌病（もも）の発生に注意！（PDF：290KB）,https://www.pref.osaka.lg.jp/documents/95370/202003_jouhou09_momo-senkoousaikin.pdf,202003_jouhou09_momo-senkoousaikin.pdf,
大阪府,平成30(2018)年度へ,https://www.pref.osaka.lg.jp/o120090/nosei/byogaicyu/yohou/2018yohou.html,予報（全作目についての病害虫発生の概況）,予報,予報第1号（PDF：394KB）,https://www.pref.osaka.lg.jp/documents/95364/201804yohou.pdf,201804yohou.pdf,
大阪府,平成30(2018)年度へ,https://www.pref.osaka.lg.jp/o120090/nosei/byogaicyu/yohou/2018yohou.html,予報（全作目についての病害虫発生の概況）,予報,予報第2号（PDF：405KB）,https://www.pref.osaka.lg.jp/documents/95364/201805yohou.pdf,201805yohou.pdf,
大阪府,平成30(2018)年度へ,https://www.pref.osaka.lg.jp/o120090/nosei/byogaicyu/yohou/2018yohou.html,予報（全作目についての病害虫発生の概況）,予報,予報第3号（PDF：329KB）,https://www.pref.osaka.lg.jp/documents/95364/201806yohou.pdf,201806yohou.pdf,
大阪府,平成30(2018)年度へ,https://www.pref.osaka.lg.jp/o120090/nosei/byogaicyu/yohou/2018yohou.html,予報（全作目についての病害虫発生の概況）,予報,予報第4号（PDF：400KB）,https://www.pref.osaka.lg.jp/documents/95364/201807yohou.pdf,201807yohou.pdf,
大阪府,平成30(2018)年度へ,https://www.pref.osaka.lg.jp/o120090/nosei/byogaicyu/yohou/2018yohou.html,予報（全作目についての病害虫発生の概況）,予報,予報第5号（PDF：398KB）,https://www.pref.osaka.lg.jp/documents/95364/201808yohou.pdf,201808yohou.pdf,
大阪府,平成30(2018)年度へ,https://www.pref.osaka.lg.jp/o120090/nosei/byogaicyu/yohou/2018yohou.html,予報（全作目についての病害虫発生の概況）,予報,予報第6号（PDF：380KB）,https://www.pref.osaka.lg.jp/documents/95364/201809yohou.pdf,201809yohou.pdf,
大阪府,平成30(2018)年度へ,https://www.pref.osaka.lg.jp/o120090/nosei/byogaicyu/yohou/2018yohou.html,注意報（病害虫が多発しており防除が必要なもの,注意報,注意報第1号「シロイチモジヨトウ」（PDF：244KB）,https://www.pref.osaka.lg.jp/documents/95364/201810_tyuihou01_siroitimojiyotou.pdf,201810_tyuihou01_siroitimojiyotou.pdf,
大阪府,平成30(2018)年度へ,https://www.pref.osaka.lg.jp/o120090/nosei/byogaicyu/yohou/2018yohou.html,注意報（病害虫が多発しており防除が必要なもの,注意報,注意報第2号「たまねぎ ベと病」（PDF：378KB）,https://www.pref.osaka.lg.jp/documents/95364/201902_tyuihou02_tamanegi-beto.pdf,201902_tyuihou02_tamanegi-beto.pdf,
大阪府,平成30(2018)年度へ,https://www.pref.osaka.lg.jp/o120090/nosei/byogaicyu/yohou/2018yohou.html,特殊報（新病害虫発生など、通常と異なる発生状況の場合の情報）,特殊報,特殊報第1号「オオクビキレガイ（ Rumina decollata Linnaeus）」（PDF：224KB）,https://www.pref.osaka.lg.jp/documents/95364/201805_tokusyuhou01_ookubikiregai.pdf,201805_tokusyuhou01_ookubikiregai.pdf,
大阪府,平成30(2018)年度へ,https://www.pref.osaka.lg.jp/o120090/nosei/byogaicyu/yohou/2018yohou.html,その他,その他,クビアカツヤカミキリに警戒！（PDF：409KB）,https://www.pref.osaka.lg.jp/documents/95364/201804_jouhou01_kubiaka.pdf,201804_jouhou01_kubiaka.pdf,
大阪府,平成30(2018)年度へ,https://www.pref.osaka.lg.jp/o120090/nosei/byogaicyu/yohou/2018yohou.html,その他,その他,シロイチモジヨトウが増加中！（PDF：232KB）,https://www.pref.osaka.lg.jp/documents/95364/201806_jouhou02_siroitimojiyotou.pdf,201806_jouhou02_siroitimojiyotou.pdf,
大阪府,平成30(2018)年度へ,https://www.pref.osaka.lg.jp/o120090/nosei/byogaicyu/yohou/2018yohou.html,その他,その他,せん孔細菌病(もも)の発生に注意（PDF：219KB）,https://www.pref.osaka.lg.jp/documents/95364/201903_jouhou03_momo-senkousaikin.pdf,201903_jouhou03_momo-senkousaikin.pdf,
大阪府,平成30(2018)年度へ,https://www.pref.osaka.lg.jp/o120090/nosei/byogaicyu/yohou/2018yohou.html,その他,その他,せん孔細菌病(もも)の発生に注意のミニポスター（PDF：166KB）,https://www.pref.osaka.lg.jp/documents/95364/201903_jouhou03_momo-senkousaikin-poster.pdf,201903_jouhou03_momo-senkousaikin-poster.pdf,
大阪府,平成29(2017)年度へ,https://www.pref.osaka.lg.jp/o120090/nosei/byogaicyu/yohou/2017yohou.html,予報（全作目についての病害虫発生の概況）,予報,予報第1号（PDF：266KB）,https://www.pref.osaka.lg.jp/documents/95360/201704yohou.pdf,201704yohou.pdf,
大阪府,平成29(2017)年度へ,https://www.pref.osaka.lg.jp/o120090/nosei/byogaicyu/yohou/2017yohou.html,予報（全作目についての病害虫発生の概況）,予報,予報第2号（PDF：294KB）,https://www.pref.osaka.lg.jp/documents/95360/201705yohou.pdf,201705yohou.pdf,
大阪府,平成29(2017)年度へ,https://www.pref.osaka.lg.jp/o120090/nosei/byogaicyu/yohou/2017yohou.html,予報（全作目についての病害虫発生の概況）,予報,予報第3号（PDF：94KB）,https://www.pref.osaka.lg.jp/documents/95360/201706yohou.pdf,201706yohou.pdf,
大阪府,平成29(2017)年度へ,https://www.pref.osaka.lg.jp/o120090/nosei/byogaicyu/yohou/2017yohou.html,予報（全作目についての病害虫発生の概況）,予報,予報第4号（PDF：90KB）,https://www.pref.osaka.lg.jp/documents/95360/201707yohou.pdf,201707yohou.pdf,
大阪府,平成29(2017)年度へ,https://www.pref.osaka.lg.jp/o120090/nosei/byogaicyu/yohou/2017yohou.html,予報（全作目についての病害虫発生の概況）,予報,予報第5号（PDF：102KB）,https://www.pref.osaka.lg.jp/documents/95360/201708yohou.pdf,201708yohou.pdf,
大阪府,平成29(2017)年度へ,https://www.pref.osaka.lg.jp/o120090/nosei/byogaicyu/yohou/2017yohou.html,予報（全作目についての病害虫発生の概況）,予報,予報第6号（PDF：412KB）,https://www.pref.osaka.lg.jp/documents/95360/201709yohou.pdf,201709yohou.pdf,
大阪府,平成29(2017)年度へ,https://www.pref.osaka.lg.jp/o120090/nosei/byogaicyu/yohou/2017yohou.html,注意報（病害虫が多発しており防除が必要なもの,注意報,注意報第1号「シロイチモジヨトウ」（PDF：212KB）,https://www.pref.osaka.lg.jp/documents/95360/201709_tyuihou01_siroichimojiyotou.pdf,201709_tyuihou01_siroichimojiyotou.pdf,
大阪府,平成29(2017)年度へ,https://www.pref.osaka.lg.jp/o120090/nosei/byogaicyu/yohou/2017yohou.html,その他,その他,モモせん孔細菌病に注意しましょう,https://www.pref.osaka.lg.jp/documents/95360/201704_jouhou01_momo-senkousaikin.pdf,201704_jouhou01_momo-senkousaikin.pdf,
大阪府,平成29(2017)年度へ,https://www.pref.osaka.lg.jp/o120090/nosei/byogaicyu/yohou/2017yohou.html,その他,その他,クビアカツヤカミキリに注意！モモ・ウメなどの樹を食害します！（PDF：182KB）,https://www.pref.osaka.lg.jp/documents/95360/201706_jouhou02_kubiaka.pdf,201706_jouhou02_kubiaka.pdf,
大阪府,平成29(2017)年度へ,https://www.pref.osaka.lg.jp/o120090/nosei/byogaicyu/yohou/2017yohou.html,その他,その他,たまねぎべと病の予防散布を徹底しましょう！（PDF：259KB）,https://www.pref.osaka.lg.jp/documents/95360/201803_jouhou03_tamanegi-beto.pdf,201803_jouhou03_tamanegi-beto.pdf,
大阪府,平成28(2016)年度へ,https://www.pref.osaka.lg.jp/o120090/nosei/byogaicyu/yohou/2016yohou.html,予報（全作目についての病害虫発生の概況）,予報,予報第1号（PDF：283KB）,https://www.pref.osaka.lg.jp/documents/95323/201604yohou.pdf,201604yohou.pdf,
大阪府,平成28(2016)年度へ,https://www.pref.osaka.lg.jp/o120090/nosei/byogaicyu/yohou/2016yohou.html,予報（全作目についての病害虫発生の概況）,予報,予報第2号（PDF：269KB）,https://www.pref.osaka.lg.jp/documents/95323/201605yohou.pdf,201605yohou.pdf,
大阪府,平成28(2016)年度へ,https://www.pref.osaka.lg.jp/o120090/nosei/byogaicyu/yohou/2016yohou.html,予報（全作目についての病害虫発生の概況）,予報,予報第3号（PDF：273KB）,https://www.pref.osaka.lg.jp/documents/95323/201606yohou.pdf,201606yohou.pdf,
大阪府,平成28(2016)年度へ,https://www.pref.osaka.lg.jp/o120090/nosei/byogaicyu/yohou/2016yohou.html,予報（全作目についての病害虫発生の概況）,予報,予報第4号（PDF：287KB）,https://www.pref.osaka.lg.jp/documents/95323/201607yohou.pdf,201607yohou.pdf,
大阪府,平成28(2016)年度へ,https://www.pref.osaka.lg.jp/o120090/nosei/byogaicyu/yohou/2016yohou.html,予報（全作目についての病害虫発生の概況）,予報,予報第5号（PDF：242KB）,https://www.pref.osaka.lg.jp/documents/95323/201608yohou.pdf,201608yohou.pdf,
大阪府,平成28(2016)年度へ,https://www.pref.osaka.lg.jp/o120090/nosei/byogaicyu/yohou/2016yohou.html,予報（全作目についての病害虫発生の概況）,予報,予報第6号（PDF：229KB）,https://www.pref.osaka.lg.jp/documents/95323/201609yohou.pdf,201609yohou.pdf,
大阪府,平成28(2016)年度へ,https://www.pref.osaka.lg.jp/o120090/nosei/byogaicyu/yohou/2016yohou.html,注意報（病害虫が多発しており防除が必要なもの,注意報,注意報第1号「たまねぎ ベと病」（PDF：290KB）,https://www.pref.osaka.lg.jp/documents/95323/201604_tyuihou01_tamanegi-beto.pdf,201604_tyuihou01_tamanegi-beto.pdf,
大阪府,平成28(2016)年度へ,https://www.pref.osaka.lg.jp/o120090/nosei/byogaicyu/yohou/2016yohou.html,注意報（病害虫が多発しており防除が必要なもの,注意報,注意報第2号「もも せん孔細菌病」（PDF：249KB）,https://www.pref.osaka.lg.jp/documents/95323/201607_tyuihou02_momo-senkoousaikin.pdf,201607_tyuihou02_momo-senkoousaikin.pdf,
大阪府,平成28(2016)年度へ,https://www.pref.osaka.lg.jp/o120090/nosei/byogaicyu/yohou/2016yohou.html,特殊報（新病害虫発生など、通常と異なる発生状況の場合の情報）,特殊報,特殊報第1号「 Aromia bungii （クビアカツヤカミキリ）」（PDF：178KB）,https://www.pref.osaka.lg.jp/documents/95323/201608_tokusyuhou01_kubiaka.pdf,201608_tokusyuhou01_kubiaka.pdf,
大阪府,平成28(2016)年度へ,https://www.pref.osaka.lg.jp/o120090/nosei/byogaicyu/yohou/2016yohou.html,その他,その他,たまねぎ・べと病の発生に引き続き注意しましょう！（PDF：361KB）,https://www.pref.osaka.lg.jp/documents/95323/201605_jouhou01_tamanegi-beto.pdf,201605_jouhou01_tamanegi-beto.pdf,
大阪府,平成28(2016)年度へ,https://www.pref.osaka.lg.jp/o120090/nosei/byogaicyu/yohou/2016yohou.html,その他,その他,オオタバコガに注意しましょう！（PDF：246KB）,https://www.pref.osaka.lg.jp/documents/95323/201607_jouhou02_ootabakoga.pdf,201607_jouhou02_ootabakoga.pdf,
大阪府,平成28(2016)年度へ,https://www.pref.osaka.lg.jp/o120090/nosei/byogaicyu/yohou/2016yohou.html,その他,その他,ぶどうの「べと病」に注意しましょう（PDF：209KB）,https://www.pref.osaka.lg.jp/documents/95323/201607_jouhou03_budou-beto.pdf,201607_jouhou03_budou-beto.pdf,
大阪府,平成28(2016)年度へ,https://www.pref.osaka.lg.jp/o120090/nosei/byogaicyu/yohou/2016yohou.html,その他,その他,水稲のセジロウンカの発生に注意しましょう（PDF：167KB）,https://www.pref.osaka.lg.jp/documents/95323/201608_jouhou04_sejirounka.pdf,201608_jouhou04_sejirounka.pdf,
大阪府,平成28(2016)年度へ,https://www.pref.osaka.lg.jp/o120090/nosei/byogaicyu/yohou/2016yohou.html,その他,その他,あぶらな科野菜（キャベツ、ブロッコリー等）ではコナガの発生に注意しましょう！（PDF：238KB）,https://www.pref.osaka.lg.jp/documents/95323/201609_jouhou05_konaga.pdf,201609_jouhou05_konaga.pdf,
大阪府,平成28(2016)年度へ,https://www.pref.osaka.lg.jp/o120090/nosei/byogaicyu/yohou/2016yohou.html,その他,その他,次年作に向けた「たまねぎ・べと病」の防除を行いましょう！（PDF：251KB）,https://www.pref.osaka.lg.jp/documents/95323/201611_jouhou06_tamanegi_beto2.pdf,201611_jouhou06_tamanegi_beto2.pdf,
大阪府,平成28(2016)年度へ,https://www.pref.osaka.lg.jp/o120090/nosei/byogaicyu/yohou/2016yohou.html,その他,その他,タマネギべと病に注意しましょう！（予防散布を徹底しましょう！）（PDF：251KB）,https://www.pref.osaka.lg.jp/documents/95323/201703_jouhou07_tamanegi_beto.pdf,201703_jouhou07_tamanegi_beto.pdf,
大阪府,平成28(2016)年度へ,https://www.pref.osaka.lg.jp/o120090/nosei/byogaicyu/yohou/2016yohou.html,その他,その他,タマネギべと病に注意しましょう！（2次感染株の初発を確認！）（PDF：191KB）,https://www.pref.osaka.lg.jp/documents/95323/201703_jouhou08_tamanegi_beto.pdf,201703_jouhou08_tamanegi_beto.pdf,
大阪府,平成27(2015)年度へ,https://www.pref.osaka.lg.jp/o120090/nosei/byogaicyu/yohou/2015yohou.html,予報（全作目についての病害虫発生の概況）,予報,予報第1号（PDF：273KB）,https://www.pref.osaka.lg.jp/documents/95114/201504yohou.pdf,201504yohou.pdf,
大阪府,平成27(2015)年度へ,https://www.pref.osaka.lg.jp/o120090/nosei/byogaicyu/yohou/2015yohou.html,予報（全作目についての病害虫発生の概況）,予報,予報第2号（PDF：237KB）,https://www.pref.osaka.lg.jp/documents/95114/201505yohou2.pdf,201505yohou2.pdf,
大阪府,平成27(2015)年度へ,https://www.pref.osaka.lg.jp/o120090/nosei/byogaicyu/yohou/2015yohou.html,予報（全作目についての病害虫発生の概況）,予報,予報第3号（PDF：275KB）,https://www.pref.osaka.lg.jp/documents/95114/201506yohou.pdf,201506yohou.pdf,
大阪府,平成27(2015)年度へ,https://www.pref.osaka.lg.jp/o120090/nosei/byogaicyu/yohou/2015yohou.html,予報（全作目についての病害虫発生の概況）,予報,予報第4号（PDF：302KB）,https://www.pref.osaka.lg.jp/documents/95114/201507yohou.pdf,201507yohou.pdf,
大阪府,平成27(2015)年度へ,https://www.pref.osaka.lg.jp/o120090/nosei/byogaicyu/yohou/2015yohou.html,予報（全作目についての病害虫発生の概況）,予報,予報第5号（PDF：280KB）,https://www.pref.osaka.lg.jp/documents/95114/201508yohou.pdf,201508yohou.pdf,
大阪府,平成27(2015)年度へ,https://www.pref.osaka.lg.jp/o120090/nosei/byogaicyu/yohou/2015yohou.html,予報（全作目についての病害虫発生の概況）,予報,予報第6号（PDF：235KB）,https://www.pref.osaka.lg.jp/documents/95114/201509yohou.pdf,201509yohou.pdf,
大阪府,平成27(2015)年度へ,https://www.pref.osaka.lg.jp/o120090/nosei/byogaicyu/yohou/2015yohou.html,注意報（病害虫が多発しており防除が必要なもの,注意報,注意報第1号「ぶどう ベと病」（PDF：241KB）,https://www.pref.osaka.lg.jp/documents/95114/201507_tyuihou01_budou-beto.pdf,201507_tyuihou01_budou-beto.pdf,
大阪府,平成27(2015)年度へ,https://www.pref.osaka.lg.jp/o120090/nosei/byogaicyu/yohou/2015yohou.html,特殊報（新病害虫発生など、通常と異なる発生状況の場合の情報）,特殊報,特殊報第1号「きく キク茎えそ病」（PDF：208KB）,https://www.pref.osaka.lg.jp/documents/95114/201507_tokusyuhou01_kiku-kukieso.pdf,201507_tokusyuhou01_kiku-kukieso.pdf,
大阪府,平成27(2015)年度へ,https://www.pref.osaka.lg.jp/o120090/nosei/byogaicyu/yohou/2015yohou.html,その他,その他,もものせん孔細菌病に注意しましょう（PDF：196KB）,https://www.pref.osaka.lg.jp/documents/95114/201504_jouhou01_momo-senkousaikin.pdf,201504_jouhou01_momo-senkousaikin.pdf,
大阪府,平成27(2015)年度へ,https://www.pref.osaka.lg.jp/o120090/nosei/byogaicyu/yohou/2015yohou.html,その他,その他,たまねぎの病害（べと病など）に注意しましょう！（PDF：287KB）,https://www.pref.osaka.lg.jp/documents/95114/201504_jouhou02_tamanegi-beto.pdf,201504_jouhou02_tamanegi-beto.pdf,
大阪府,平成27(2015)年度へ,https://www.pref.osaka.lg.jp/o120090/nosei/byogaicyu/yohou/2015yohou.html,その他,その他,施設栽培の灰色かび病に注意しましょう（PDF：190KB）,https://www.pref.osaka.lg.jp/documents/95114/201504_jouhou03_haiirokabi.pdf,201504_jouhou03_haiirokabi.pdf,
大阪府,平成27(2015)年度へ,https://www.pref.osaka.lg.jp/o120090/nosei/byogaicyu/yohou/2015yohou.html,その他,その他,オオタバコガに注意しましょう！（PDF：277KB）,https://www.pref.osaka.lg.jp/documents/95114/201507_jouhou04_ootabakoga.pdf,201507_jouhou04_ootabakoga.pdf,
大阪府,平成27(2015)年度へ,https://www.pref.osaka.lg.jp/o120090/nosei/byogaicyu/yohou/2015yohou.html,その他,その他,水稲のいもち病に注意しましょう（中山間地域等）（PDF：219KB）,https://www.pref.osaka.lg.jp/documents/95114/201508_jouhou05_imoti.pdf,201508_jouhou05_imoti.pdf,
大阪府,平成27(2015)年度へ,https://www.pref.osaka.lg.jp/o120090/nosei/byogaicyu/yohou/2015yohou.html,その他,その他,きゅうりの病害（べと病など）の発生に注意しましょう！（PDF：256KB）,https://www.pref.osaka.lg.jp/documents/95114/201509_jouhou06_kyuuri-beto.pdf,201509_jouhou06_kyuuri-beto.pdf,
大阪府,平成26(2014)年度へ,https://www.pref.osaka.lg.jp/o120090/nosei/byogaicyu/yohou/2014yohou.html,予報（全作目についての病害虫発生の概況）,予報,予報第1号（PDF：257KB）,https://www.pref.osaka.lg.jp/documents/95098/201404yohou.pdf,201404yohou.pdf,
大阪府,平成26(2014)年度へ,https://www.pref.osaka.lg.jp/o120090/nosei/byogaicyu/yohou/2014yohou.html,予報（全作目についての病害虫発生の概況）,予報,予報第2号（PDF：262KB）,https://www.pref.osaka.lg.jp/documents/95098/201405yohou.pdf,201405yohou.pdf,
大阪府,平成26(2014)年度へ,https://www.pref.osaka.lg.jp/o120090/nosei/byogaicyu/yohou/2014yohou.html,予報（全作目についての病害虫発生の概況）,予報,予報第3号（PDF：269KB）,https://www.pref.osaka.lg.jp/documents/95098/201406yohou.pdf,201406yohou.pdf,
大阪府,平成26(2014)年度へ,https://www.pref.osaka.lg.jp/o120090/nosei/byogaicyu/yohou/2014yohou.html,予報（全作目についての病害虫発生の概況）,予報,予報第4号（PDF：292KB）,https://www.pref.osaka.lg.jp/documents/95098/201407yohou.pdf,201407yohou.pdf,
大阪府,平成26(2014)年度へ,https://www.pref.osaka.lg.jp/o120090/nosei/byogaicyu/yohou/2014yohou.html,予報（全作目についての病害虫発生の概況）,予報,予報第5号（PDF：283KB）,https://www.pref.osaka.lg.jp/documents/95098/201408yohou.pdf,201408yohou.pdf,
大阪府,平成26(2014)年度へ,https://www.pref.osaka.lg.jp/o120090/nosei/byogaicyu/yohou/2014yohou.html,予報（全作目についての病害虫発生の概況）,予報,予報第6号（PDF：231KB）,https://www.pref.osaka.lg.jp/documents/95098/201409yohou.pdf,201409yohou.pdf,
大阪府,平成26(2014)年度へ,https://www.pref.osaka.lg.jp/o120090/nosei/byogaicyu/yohou/2014yohou.html,注意報（病害虫が多発しており防除が必要なもの,注意報,注意報第1号「果樹カメムシ類」（PDF：180KB）,https://www.pref.osaka.lg.jp/documents/95098/201405_tyuihou01_kajukame.pdf,201405_tyuihou01_kajukame.pdf,
大阪府,平成26(2014)年度へ,https://www.pref.osaka.lg.jp/o120090/nosei/byogaicyu/yohou/2014yohou.html,注意報（病害虫が多発しており防除が必要なもの,注意報,注意報第2号「いもち病（葉いもち・穂いもち）」（PDF：337KB）,https://www.pref.osaka.lg.jp/documents/95098/201407_tyuihou02_imoti.pdf,201407_tyuihou02_imoti.pdf,
大阪府,平成26(2014)年度へ,https://www.pref.osaka.lg.jp/o120090/nosei/byogaicyu/yohou/2014yohou.html,その他,その他,もものせん孔細菌病に注意しましょう（PDF：219KB）,https://www.pref.osaka.lg.jp/documents/95098/201406_jouhou01_momosenkousaikin.pdf,201406_jouhou01_momosenkousaikin.pdf,
大阪府,平成26(2014)年度へ,https://www.pref.osaka.lg.jp/o120090/nosei/byogaicyu/yohou/2014yohou.html,その他,その他,なす「うどんこ病」（施設栽培）の発生が増加中！（PDF：199KB）,https://www.pref.osaka.lg.jp/documents/95098/201406_jouhou02_nasu_udonko.pdf,201406_jouhou02_nasu_udonko.pdf,
大阪府,平成26(2014)年度へ,https://www.pref.osaka.lg.jp/o120090/nosei/byogaicyu/yohou/2014yohou.html,その他,その他,なすのオオタバコガに注意しましょう！（PDF：238KB）,https://www.pref.osaka.lg.jp/documents/95098/201406_jouhou03_nasu_ootbakoga.pdf,201406_jouhou03_nasu_ootbakoga.pdf,
大阪府,平成26(2014)年度へ,https://www.pref.osaka.lg.jp/o120090/nosei/byogaicyu/yohou/2014yohou.html,その他,その他,水稲の「いもち病」に注意しましょう（PDF：200KB）,https://www.pref.osaka.lg.jp/documents/95098/201408_jouhou04_imoti.pdf,201408_jouhou04_imoti.pdf,
大阪府,平成26(2014)年度へ,https://www.pref.osaka.lg.jp/o120090/nosei/byogaicyu/yohou/2014yohou.html,その他,その他,果樹のカメムシ類に注意しましょう（PDF：147KB）,https://www.pref.osaka.lg.jp/documents/95098/201409_jouhou05_kajukame.pdf,201409_jouhou05_kajukame.pdf,
大阪府,平成25(2013)年度へ,https://www.pref.osaka.lg.jp/o120090/nosei/byogaicyu/yohou/2013yohou.html,予報（全作目についての病害虫発生の概況）,予報,予報第1号（PDF：267KB）,https://www.pref.osaka.lg.jp/documents/95070/201304yohou.pdf,201304yohou.pdf,
大阪府,平成25(2013)年度へ,https://www.pref.osaka.lg.jp/o120090/nosei/byogaicyu/yohou/2013yohou.html,予報（全作目についての病害虫発生の概況）,予報,予報第2号（PDF：262KB）,https://www.pref.osaka.lg.jp/documents/95070/201305yohou.pdf,201305yohou.pdf,
大阪府,平成25(2013)年度へ,https://www.pref.osaka.lg.jp/o120090/nosei/byogaicyu/yohou/2013yohou.html,予報（全作目についての病害虫発生の概況）,予報,予報第3号（PDF：260KB）,https://www.pref.osaka.lg.jp/documents/95070/201306yohou.pdf,201306yohou.pdf,
大阪府,平成25(2013)年度へ,https://www.pref.osaka.lg.jp/o120090/nosei/byogaicyu/yohou/2013yohou.html,予報（全作目についての病害虫発生の概況）,予報,予報第4号（PDF：285KB）,https://www.pref.osaka.lg.jp/documents/95070/201307yohou.pdf,201307yohou.pdf,
大阪府,平成25(2013)年度へ,https://www.pref.osaka.lg.jp/o120090/nosei/byogaicyu/yohou/2013yohou.html,予報（全作目についての病害虫発生の概況）,予報,予報第5号（PDF：274KB）,https://www.pref.osaka.lg.jp/documents/95070/201308yohou.pdf,201308yohou.pdf,
大阪府,平成25(2013)年度へ,https://www.pref.osaka.lg.jp/o120090/nosei/byogaicyu/yohou/2013yohou.html,予報（全作目についての病害虫発生の概況）,予報,予報第6号（PDF：231KB）,https://www.pref.osaka.lg.jp/documents/95070/201309yohou.pdf,201309yohou.pdf,
大阪府,平成25(2013)年度へ,https://www.pref.osaka.lg.jp/o120090/nosei/byogaicyu/yohou/2013yohou.html,その他,その他,たまねぎの病害（べと病など）の発生に注意を！（PDF：253KB）,https://www.pref.osaka.lg.jp/documents/95070/201304_jouhou01_tamanegi-beto.pdf,201304_jouhou01_tamanegi-beto.pdf,
大阪府,平成25(2013)年度へ,https://www.pref.osaka.lg.jp/o120090/nosei/byogaicyu/yohou/2013yohou.html,その他,その他,水稲の「縞葉枯病」に注意しましょう！（PDF：190KB）,https://www.pref.osaka.lg.jp/documents/95070/201304_jouhou02_simahagare.pdf,201304_jouhou02_simahagare.pdf,
大阪府,平成25(2013)年度へ,https://www.pref.osaka.lg.jp/o120090/nosei/byogaicyu/yohou/2013yohou.html,その他,その他,水稲の「いもち病」に注意しましょう（中山間地域等）（PDF：160KB）,https://www.pref.osaka.lg.jp/documents/95070/201306_jouhou03_imoti.pdf,201306_jouhou03_imoti.pdf,
大阪府,平成25(2013)年度へ,https://www.pref.osaka.lg.jp/o120090/nosei/byogaicyu/yohou/2013yohou.html,その他,その他,あぶらな科野菜の「ハイマダラノメイガ(ダイコンシンクイ)」に注意！（PDF：213KB）,https://www.pref.osaka.lg.jp/documents/95070/201309_jouhou04_haimadaranomeiga.pdf,201309_jouhou04_haimadaranomeiga.pdf,
大阪府,平成25(2013)年度へ,https://www.pref.osaka.lg.jp/o120090/nosei/byogaicyu/yohou/2013yohou.html,その他,その他,水稲の「トビイロウンカ」の発生に注意しましょう！（PDF：175KB）,https://www.pref.osaka.lg.jp/documents/95070/201309_jouhou05_tobiironka.pdf,201309_jouhou05_tobiironka.pdf,
大阪府,平成25(2013)年度へ,https://www.pref.osaka.lg.jp/o120090/nosei/byogaicyu/yohou/2013yohou.html,その他,その他,きゅうりの病害（べと病など）の発生に注意しましょう！（PDF：326KB）,https://www.pref.osaka.lg.jp/documents/95070/201309_jouhou06_kyuuri.pdf,201309_jouhou06_kyuuri.pdf,
大阪府,平成24(2012)年度へ,https://www.pref.osaka.lg.jp/o120090/nosei/byogaicyu/yohou/2012yohou.html,予報（全作目についての病害虫発生の概況）,予報,予報第1号（PDF：271KB）,https://www.pref.osaka.lg.jp/documents/94991/201204yohou.pdf,201204yohou.pdf,
大阪府,平成24(2012)年度へ,https://www.pref.osaka.lg.jp/o120090/nosei/byogaicyu/yohou/2012yohou.html,予報（全作目についての病害虫発生の概況）,予報,予報第2号（PDF：263KB）,https://www.pref.osaka.lg.jp/documents/94991/201205yohou.pdf,201205yohou.pdf,
大阪府,平成24(2012)年度へ,https://www.pref.osaka.lg.jp/o120090/nosei/byogaicyu/yohou/2012yohou.html,予報（全作目についての病害虫発生の概況）,予報,予報第3号（PDF：258KB）,https://www.pref.osaka.lg.jp/documents/94991/201206yohou.pdf,201206yohou.pdf,
大阪府,平成24(2012)年度へ,https://www.pref.osaka.lg.jp/o120090/nosei/byogaicyu/yohou/2012yohou.html,予報（全作目についての病害虫発生の概況）,予報,予報第4号（PDF：281KB）,https://www.pref.osaka.lg.jp/documents/94991/201207yohou.pdf,201207yohou.pdf,
大阪府,平成24(2012)年度へ,https://www.pref.osaka.lg.jp/o120090/nosei/byogaicyu/yohou/2012yohou.html,予報（全作目についての病害虫発生の概況）,予報,予報第5号（PDF：271KB）,https://www.pref.osaka.lg.jp/documents/94991/201208yohou.pdf,201208yohou.pdf,
大阪府,平成24(2012)年度へ,https://www.pref.osaka.lg.jp/o120090/nosei/byogaicyu/yohou/2012yohou.html,予報（全作目についての病害虫発生の概況）,予報,予報第6号（PDF：233KB）,https://www.pref.osaka.lg.jp/documents/94991/201209yohou.pdf,201209yohou.pdf,
大阪府,平成24(2012)年度へ,https://www.pref.osaka.lg.jp/o120090/nosei/byogaicyu/yohou/2012yohou.html,注意報（病害虫が多発しており防除が必要なもの）,注意報,注意報第1号（果樹カメムシ類）（PDF：152KB）,https://www.pref.osaka.lg.jp/documents/94991/201206_tyuihou01_kajukame.pdf,201206_tyuihou01_kajukame.pdf,
大阪府,平成24(2012)年度へ,https://www.pref.osaka.lg.jp/o120090/nosei/byogaicyu/yohou/2012yohou.html,注意報（病害虫が多発しており防除が必要なもの）,注意報,注意報第2号（水稲いもち病）（PDF：267KB）,https://www.pref.osaka.lg.jp/documents/94991/201207_tyuihou02_imoti.pdf,201207_tyuihou02_imoti.pdf,
大阪府,平成24(2012)年度へ,https://www.pref.osaka.lg.jp/o120090/nosei/byogaicyu/yohou/2012yohou.html,注意報（病害虫が多発しており防除が必要なもの）,注意報,注意報第3号（水稲ウンカ類）（PDF：142KB）,https://www.pref.osaka.lg.jp/documents/94991/201208_tyuihou03_unka.pdf,201208_tyuihou03_unka.pdf,
大阪府,平成24(2012)年度へ,https://www.pref.osaka.lg.jp/o120090/nosei/byogaicyu/yohou/2012yohou.html,特殊報（新病害虫発生など、通常と異なる発生状況の場合の情報）,特殊報,特殊報第1号「タテスジヒメジンガサハムシ：さつまいも（かんしょ）」（PDF：314KB）,https://www.pref.osaka.lg.jp/documents/94991/201208_tokusyuhou01_tatesujihimejingasahamusi.pdf,201208_tokusyuhou01_tatesujihimejingasahamusi.pdf,
大阪府,平成24(2012)年度へ,https://www.pref.osaka.lg.jp/o120090/nosei/byogaicyu/yohou/2012yohou.html,その他,その他,水稲の「縞葉枯病」に注意しましょう（PDF：150KB）,https://www.pref.osaka.lg.jp/documents/94991/201204_jouhou01_simahagare.pdf,201204_jouhou01_simahagare.pdf,
大阪府,平成24(2012)年度へ,https://www.pref.osaka.lg.jp/o120090/nosei/byogaicyu/yohou/2012yohou.html,その他,その他,たまねぎの病害（白色疫病とべと病）に注意しましょう！（PDF：216KB）,https://www.pref.osaka.lg.jp/documents/94991/201205_jouhou02_tamanegi-siroiro-beto.pdf,201205_jouhou02_tamanegi-siroiro-beto.pdf,
大阪府,平成24(2012)年度へ,https://www.pref.osaka.lg.jp/o120090/nosei/byogaicyu/yohou/2012yohou.html,その他,その他,トマトの似て非なる病害に注意！（葉かび病とすすかび病）（PDF：262KB）,https://www.pref.osaka.lg.jp/documents/94991/201205_jouhou03_tomato-hakabi-sususukabi.pdf,201205_jouhou03_tomato-hakabi-sususukabi.pdf,
大阪府,平成24(2012)年度へ,https://www.pref.osaka.lg.jp/o120090/nosei/byogaicyu/yohou/2012yohou.html,その他,その他,果樹のカメムシ類に注意しましょう（PDF：104KB）,https://www.pref.osaka.lg.jp/documents/94991/201205_jouhou04_kajukame.pdf,201205_jouhou04_kajukame.pdf,
大阪府,平成24(2012)年度へ,https://www.pref.osaka.lg.jp/o120090/nosei/byogaicyu/yohou/2012yohou.html,その他,その他,みかんのそうか病に注意しましょう（PDF：144KB）,https://www.pref.osaka.lg.jp/documents/94991/201206_jouhou05_mikan-soukabyou.pdf,201206_jouhou05_mikan-soukabyou.pdf,
大阪府,平成24(2012)年度へ,https://www.pref.osaka.lg.jp/o120090/nosei/byogaicyu/yohou/2012yohou.html,その他,その他,水稲の「ウンカ類」に注意しましょう（PDF：122KB）,https://www.pref.osaka.lg.jp/documents/94991/201208_jouhou06_unka.pdf,201208_jouhou06_unka.pdf,
大阪府,平成24(2012)年度へ,https://www.pref.osaka.lg.jp/o120090/nosei/byogaicyu/yohou/2012yohou.html,その他,その他,キャベツ黒腐病の発生に注意しましょう（PDF：174KB）,https://www.pref.osaka.lg.jp/documents/94991/201211_jouhou07_kyabetu-kurogusare.pdf,201211_jouhou07_kyabetu-kurogusare.pdf,
大阪府,平成24(2012)年度へ,https://www.pref.osaka.lg.jp/o120090/nosei/byogaicyu/yohou/2012yohou.html,その他,その他,ストロビルリン系薬剤（QoI剤）耐性イネいもち病菌の発生を防ぎましょう（PDF：132KB）,https://www.pref.osaka.lg.jp/documents/94991/201212_jouhou08_imoti-qoi.pdf,201212_jouhou08_imoti-qoi.pdf,
大阪府,平成23(2011)年度へ,https://www.pref.osaka.lg.jp/o120090/nosei/byogaicyu/yohou/2011yohou.html,予報（全作目についての病害虫発生の概況）,予報,予報第1号（PDF：253KB）,https://www.pref.osaka.lg.jp/documents/94986/201104yohou.pdf,201104yohou.pdf,
大阪府,平成23(2011)年度へ,https://www.pref.osaka.lg.jp/o120090/nosei/byogaicyu/yohou/2011yohou.html,予報（全作目についての病害虫発生の概況）,予報,予報第2号（PDF：240KB）,https://www.pref.osaka.lg.jp/documents/94986/201105yohou.pdf,201105yohou.pdf,
大阪府,平成23(2011)年度へ,https://www.pref.osaka.lg.jp/o120090/nosei/byogaicyu/yohou/2011yohou.html,予報（全作目についての病害虫発生の概況）,予報,予報第3号（PDF：236KB）,https://www.pref.osaka.lg.jp/documents/94986/201106yohou.pdf,201106yohou.pdf,
大阪府,平成23(2011)年度へ,https://www.pref.osaka.lg.jp/o120090/nosei/byogaicyu/yohou/2011yohou.html,予報（全作目についての病害虫発生の概況）,予報,予報第4号（PDF：277KB）,https://www.pref.osaka.lg.jp/documents/94986/201107yohou.pdf,201107yohou.pdf,
大阪府,平成23(2011)年度へ,https://www.pref.osaka.lg.jp/o120090/nosei/byogaicyu/yohou/2011yohou.html,予報（全作目についての病害虫発生の概況）,予報,予報第5号（PDF：276KB）,https://www.pref.osaka.lg.jp/documents/94986/201108yohou.pdf,201108yohou.pdf,
大阪府,平成23(2011)年度へ,https://www.pref.osaka.lg.jp/o120090/nosei/byogaicyu/yohou/2011yohou.html,予報（全作目についての病害虫発生の概況）,予報,予報第6号（PDF：235KB）,https://www.pref.osaka.lg.jp/documents/94986/201109yohou.pdf,201109yohou.pdf,
大阪府,平成23(2011)年度へ,https://www.pref.osaka.lg.jp/o120090/nosei/byogaicyu/yohou/2011yohou.html,注意報（病害虫が多発しており防除が必要なもの）,注意報,注意報第1号（せん孔細菌病：もも）（PDF：107KB）,https://www.pref.osaka.lg.jp/documents/94986/201106_tyuihou01_momosenkoooousaikin.pdf,201106_tyuihou01_momosenkoooousaikin.pdf,
大阪府,平成23(2011)年度へ,https://www.pref.osaka.lg.jp/o120090/nosei/byogaicyu/yohou/2011yohou.html,その他,その他,水稲の「縞葉枯病」に注意しましょう（PDF：144KB）,https://www.pref.osaka.lg.jp/documents/94986/201104_jouhou01_simahagare.pdf,201104_jouhou01_simahagare.pdf,
大阪府,平成23(2011)年度へ,https://www.pref.osaka.lg.jp/o120090/nosei/byogaicyu/yohou/2011yohou.html,その他,その他,ぶどうの「べと病」に注意しましょう（PDF：120KB）,https://www.pref.osaka.lg.jp/documents/94986/201107_jouhou02_budoubeto.pdf,201107_jouhou02_budoubeto.pdf,
大阪府,平成23(2011)年度へ,https://www.pref.osaka.lg.jp/o120090/nosei/byogaicyu/yohou/2011yohou.html,その他,その他,水稲の「いもち病」に注意しましょう（PDF：128KB）,https://www.pref.osaka.lg.jp/documents/94986/201108_jouhou03_imoti.pdf,201108_jouhou03_imoti.pdf,
大阪府,平成23(2011)年度へ,https://www.pref.osaka.lg.jp/o120090/nosei/byogaicyu/yohou/2011yohou.html,その他,その他,ぶどうの「べと病」に注意しましょう（PDF：122KB）,https://www.pref.osaka.lg.jp/documents/94986/201108_jouhou04_budoubeto.pdf,201108_jouhou04_budoubeto.pdf,
大阪府,平成22(2010)年度へ,https://www.pref.osaka.lg.jp/o120090/nosei/byogaicyu/yohou/2010yohou.html,予報（全作目についての病害虫発生の概況）,予報,予報第1号（PDF：250KB）,https://www.pref.osaka.lg.jp/documents/94968/201004yohou.pdf,201004yohou.pdf,
大阪府,平成22(2010)年度へ,https://www.pref.osaka.lg.jp/o120090/nosei/byogaicyu/yohou/2010yohou.html,予報（全作目についての病害虫発生の概況）,予報,予報第2号（PDF：267KB）,https://www.pref.osaka.lg.jp/documents/94968/201005yohou.pdf,201005yohou.pdf,
大阪府,平成22(2010)年度へ,https://www.pref.osaka.lg.jp/o120090/nosei/byogaicyu/yohou/2010yohou.html,予報（全作目についての病害虫発生の概況）,予報,予報第3号（PDF：266KB）,https://www.pref.osaka.lg.jp/documents/94968/201006yohou.pdf,201006yohou.pdf,
大阪府,平成22(2010)年度へ,https://www.pref.osaka.lg.jp/o120090/nosei/byogaicyu/yohou/2010yohou.html,予報（全作目についての病害虫発生の概況）,予報,予報第4号（PDF：253KB）,https://www.pref.osaka.lg.jp/documents/94968/201007yohou.pdf,201007yohou.pdf,
大阪府,平成22(2010)年度へ,https://www.pref.osaka.lg.jp/o120090/nosei/byogaicyu/yohou/2010yohou.html,予報（全作目についての病害虫発生の概況）,予報,予報第5号（PDF：269KB）,https://www.pref.osaka.lg.jp/documents/94968/201008yohou.pdf,201008yohou.pdf,
大阪府,平成22(2010)年度へ,https://www.pref.osaka.lg.jp/o120090/nosei/byogaicyu/yohou/2010yohou.html,予報（全作目についての病害虫発生の概況）,予報,予報第6号（PDF：238KB）,https://www.pref.osaka.lg.jp/documents/94968/201009yohou.pdf,201009yohou.pdf,
大阪府,平成22(2010)年度へ,https://www.pref.osaka.lg.jp/o120090/nosei/byogaicyu/yohou/2010yohou.html,注意報（病害虫が多発しており防除が必要なもの）,注意報,注意報第1号（白色疫病：たまねぎ）（PDF：137KB）,https://www.pref.osaka.lg.jp/documents/94968/201004_tyuihou01_tamanegisiroeki.pdf,201004_tyuihou01_tamanegisiroeki.pdf,
大阪府,平成22(2010)年度へ,https://www.pref.osaka.lg.jp/o120090/nosei/byogaicyu/yohou/2010yohou.html,注意報（病害虫が多発しており防除が必要なもの）,注意報,注意報第2号（果樹カメムシ類）（PDF：160KB）,https://www.pref.osaka.lg.jp/documents/94968/201005_tyuihou02_kajukame.pdf,201005_tyuihou02_kajukame.pdf,
大阪府,平成22(2010)年度へ,https://www.pref.osaka.lg.jp/o120090/nosei/byogaicyu/yohou/2010yohou.html,特殊報（新病害虫発生など、通常と異なる発生状況の場合の情報）,特殊報,特殊報第1号「ウメ輪紋ウイルス」（PDF：221KB）,https://www.pref.osaka.lg.jp/documents/94968/201007_tokusyuhou01_ppv.pdf,201007_tokusyuhou01_ppv.pdf,
大阪府,平成22(2010)年度へ,https://www.pref.osaka.lg.jp/o120090/nosei/byogaicyu/yohou/2010yohou.html,その他,その他,ぶどうのべと病に注意しましょう（PDF：118KB）,https://www.pref.osaka.lg.jp/documents/94968/201008_jouhou01_budoubeto.pdf,201008_jouhou01_budoubeto.pdf,
大阪府,平成22(2010)年度へ,https://www.pref.osaka.lg.jp/o120090/nosei/byogaicyu/yohou/2010yohou.html,その他,その他,ハイマダラノメイガ（ダイコンシンクイ）に注意しましょう（PDF：110KB）,https://www.pref.osaka.lg.jp/documents/94968/201009_jouhou02_haimadara.pdf,201009_jouhou02_haimadara.pdf,
大阪府,平成22(2010)年度へ,https://www.pref.osaka.lg.jp/o120090/nosei/byogaicyu/yohou/2010yohou.html,その他,その他,水稲の「縞葉枯病」に注意しましょう（PDF：151KB）,https://www.pref.osaka.lg.jp/documents/94968/201009_jouhou03_shimahagare.pdf,201009_jouhou03_shimahagare.pdf,
大阪府,平成22(2010)年度へ,https://www.pref.osaka.lg.jp/o120090/nosei/byogaicyu/yohou/2010yohou.html,その他,その他,ヨトウムシ類に注意しましょう（PDF：159KB）,https://www.pref.osaka.lg.jp/documents/94968/201010_jouhou04_yotou.pdf,201010_jouhou04_yotou.pdf,
大阪府,平成21(2009)年度へ,https://www.pref.osaka.lg.jp/o120090/nosei/byogaicyu/yohou/2009yohou.html,予報（全作目についての病害虫発生の概況）,予報,予報第1号（PDF：275KB）,https://www.pref.osaka.lg.jp/documents/94951/200904yohou2.pdf,200904yohou2.pdf,
大阪府,平成21(2009)年度へ,https://www.pref.osaka.lg.jp/o120090/nosei/byogaicyu/yohou/2009yohou.html,予報（全作目についての病害虫発生の概況）,予報,予報第2号（PDF：265KB）,https://www.pref.osaka.lg.jp/documents/94951/200905yohou.pdf,200905yohou.pdf,
大阪府,平成21(2009)年度へ,https://www.pref.osaka.lg.jp/o120090/nosei/byogaicyu/yohou/2009yohou.html,予報（全作目についての病害虫発生の概況）,予報,予報第3号（PDF：273KB）,https://www.pref.osaka.lg.jp/documents/94951/200906yohou.pdf,200906yohou.pdf,
大阪府,平成21(2009)年度へ,https://www.pref.osaka.lg.jp/o120090/nosei/byogaicyu/yohou/2009yohou.html,予報（全作目についての病害虫発生の概況）,予報,予報第4号（PDF：275KB）,https://www.pref.osaka.lg.jp/documents/94951/200907yohou.pdf,200907yohou.pdf,
大阪府,平成21(2009)年度へ,https://www.pref.osaka.lg.jp/o120090/nosei/byogaicyu/yohou/2009yohou.html,予報（全作目についての病害虫発生の概況）,予報,予報第5号（PDF：270KB）,https://www.pref.osaka.lg.jp/documents/94951/200908yohou.pdf,200908yohou.pdf,
大阪府,平成21(2009)年度へ,https://www.pref.osaka.lg.jp/o120090/nosei/byogaicyu/yohou/2009yohou.html,予報（全作目についての病害虫発生の概況）,予報,予報第6号（PDF：228KB）,https://www.pref.osaka.lg.jp/documents/94951/200909yohou.pdf,200909yohou.pdf,
大阪府,平成21(2009)年度へ,https://www.pref.osaka.lg.jp/o120090/nosei/byogaicyu/yohou/2009yohou.html,注意報（病害虫が多発しており防除が必要なもの）,注意報,注意報第1号（いちじくのアザミウマ類）（PDF：124KB）,https://www.pref.osaka.lg.jp/documents/94951/200906_tyuihou01_azamiuma_itijiku.pdf,200906_tyuihou01_azamiuma_itijiku.pdf,
大阪府,平成21(2009)年度へ,https://www.pref.osaka.lg.jp/o120090/nosei/byogaicyu/yohou/2009yohou.html,注意報（病害虫が多発しており防除が必要なもの）,注意報,注意報第2号（水稲いもち病）（PDF：68KB）,https://www.pref.osaka.lg.jp/documents/94951/200908_tyuihou02_imoti.pdf,200908_tyuihou02_imoti.pdf,
大阪府,平成21(2009)年度へ,https://www.pref.osaka.lg.jp/o120090/nosei/byogaicyu/yohou/2009yohou.html,その他,その他,いちじくのイチジクヒトリモドキの発生に注意しましょう（PDF：265KB）,https://www.pref.osaka.lg.jp/documents/94951/200905_jouhou01_itijikuhitorimodoki.pdf,200905_jouhou01_itijikuhitorimodoki.pdf,
大阪府,平成21(2009)年度へ,https://www.pref.osaka.lg.jp/o120090/nosei/byogaicyu/yohou/2009yohou.html,その他,その他,アメシカシロヒトリに注意しましょう（PDF：113KB）,https://www.pref.osaka.lg.jp/documents/94951/200906_jouhou02_americasirohitori.pdf,200906_jouhou02_americasirohitori.pdf,
大阪府,平成21(2009)年度へ,https://www.pref.osaka.lg.jp/o120090/nosei/byogaicyu/yohou/2009yohou.html,その他,その他,なすのオオタバコガに注意しましょう（PDF：136KB）,https://www.pref.osaka.lg.jp/documents/94951/200907_jouhou03_ootabakoga.pdf,200907_jouhou03_ootabakoga.pdf,
大阪府,平成21(2009)年度へ,https://www.pref.osaka.lg.jp/o120090/nosei/byogaicyu/yohou/2009yohou.html,その他,その他,水稲のコバネイナゴに注意しましょう（PDF：85KB）,https://www.pref.osaka.lg.jp/documents/94951/200907_jouhou04_kobaneinago.pdf,200907_jouhou04_kobaneinago.pdf,
大阪府,平成21(2009)年度へ,https://www.pref.osaka.lg.jp/o120090/nosei/byogaicyu/yohou/2009yohou.html,その他,その他,水稲のいもち病に注意しましょう（PDF：80KB）,https://www.pref.osaka.lg.jp/documents/94951/200907_jouhou05_imoti.pdf,200907_jouhou05_imoti.pdf,
大阪府,平成21(2009)年度へ,https://www.pref.osaka.lg.jp/o120090/nosei/byogaicyu/yohou/2009yohou.html,その他,その他,水稲の縞葉枯病に注意しましょう（PDF：197KB）,https://www.pref.osaka.lg.jp/documents/94951/200911_jouhou06_shimahagare.pdf,200911_jouhou06_shimahagare.pdf,
大阪府,平成21(2009)年度へ,https://www.pref.osaka.lg.jp/o120090/nosei/byogaicyu/yohou/2009yohou.html,その他,その他,なす（施設栽培）アザミウマ類に注意しましょう（PDF：168KB）,https://www.pref.osaka.lg.jp/documents/94951/201002_jouhou07_azamiuma.pdf,201002_jouhou07_azamiuma.pdf,
大阪府,平成21(2009)年度へ,https://www.pref.osaka.lg.jp/o120090/nosei/byogaicyu/yohou/2009yohou.html,その他,その他,たまねぎべと病の発生に注意しましょう（PDF：117KB）,https://www.pref.osaka.lg.jp/documents/94951/201003_jouhou08_tamanegibeto.pdf,201003_jouhou08_tamanegibeto.pdf,
大阪府,平成20(2008)年度へ,https://www.pref.osaka.lg.jp/o120090/nosei/byogaicyu/yohou/2008yohou.html,予報（全作目についての病害虫発生の概況）,予報,予報第1号（PDF：250KB）,https://www.pref.osaka.lg.jp/documents/92759/200804yohou.pdf,200804yohou.pdf,
大阪府,平成20(2008)年度へ,https://www.pref.osaka.lg.jp/o120090/nosei/byogaicyu/yohou/2008yohou.html,予報（全作目についての病害虫発生の概況）,予報,予報第2号（PDF：263KB）,https://www.pref.osaka.lg.jp/documents/92759/200805yohou.pdf,200805yohou.pdf,
大阪府,平成20(2008)年度へ,https://www.pref.osaka.lg.jp/o120090/nosei/byogaicyu/yohou/2008yohou.html,予報（全作目についての病害虫発生の概況）,予報,予報第3号（PDF：277KB）,https://www.pref.osaka.lg.jp/documents/92759/200806yohou.pdf,200806yohou.pdf,
大阪府,平成20(2008)年度へ,https://www.pref.osaka.lg.jp/o120090/nosei/byogaicyu/yohou/2008yohou.html,予報（全作目についての病害虫発生の概況）,予報,予報第4号（PDF：262KB）,https://www.pref.osaka.lg.jp/documents/92759/200807yohou.pdf,200807yohou.pdf,
大阪府,平成20(2008)年度へ,https://www.pref.osaka.lg.jp/o120090/nosei/byogaicyu/yohou/2008yohou.html,予報（全作目についての病害虫発生の概況）,予報,予報第5号（PDF：264KB）,https://www.pref.osaka.lg.jp/documents/92759/200808yohou.pdf,200808yohou.pdf,
大阪府,平成20(2008)年度へ,https://www.pref.osaka.lg.jp/o120090/nosei/byogaicyu/yohou/2008yohou.html,予報（全作目についての病害虫発生の概況）,予報,予報第6号（PDF：237KB）,https://www.pref.osaka.lg.jp/documents/92759/200809yohou.pdf,200809yohou.pdf,
大阪府,平成20(2008)年度へ,https://www.pref.osaka.lg.jp/o120090/nosei/byogaicyu/yohou/2008yohou.html,注意報（病害虫が多発しており防除が必要なもの）,注意報,注意報第1号（イチジクヒトリモドキ）（PDF：306KB）,https://www.pref.osaka.lg.jp/documents/92759/200806_tyuihou01_itijikuhitorimodoki.pdf,200806_tyuihou01_itijikuhitorimodoki.pdf,
大阪府,平成20(2008)年度へ,https://www.pref.osaka.lg.jp/o120090/nosei/byogaicyu/yohou/2008yohou.html,その他,その他,たまねぎべと病の発生に注意しましょう（PDF：114KB）,https://www.pref.osaka.lg.jp/documents/92759/200805_tamanegi_beto.pdf,200805_tamanegi_beto.pdf,
大阪府,平成20(2008)年度へ,https://www.pref.osaka.lg.jp/o120090/nosei/byogaicyu/yohou/2008yohou.html,その他,その他,トマト黄化えそ病、トマト黄化葉巻病の発生に注意しましょう（PDF：252KB）,https://www.pref.osaka.lg.jp/documents/92759/200805_tomato_eso.pdf,200805_tomato_eso.pdf,
大阪府,平成20(2008)年度へ,https://www.pref.osaka.lg.jp/o120090/nosei/byogaicyu/yohou/2008yohou.html,その他,その他,斑点米カメムシ類の発生に注意しましょう（PDF：87KB）,https://www.pref.osaka.lg.jp/documents/92759/200807_hantennmaikame.pdf,200807_hantennmaikame.pdf,
大阪府,平成20(2008)年度へ,https://www.pref.osaka.lg.jp/o120090/nosei/byogaicyu/yohou/2008yohou.html,その他,その他,ハイマダラノメイガ（ダイコンシンクイ）の発生に注意しましょう（PDF：157KB）,https://www.pref.osaka.lg.jp/documents/92759/200809hainomadaranomeiga.pdf,200809hainomadaranomeiga.pdf,
大阪府,平成20(2008)年度へ,https://www.pref.osaka.lg.jp/o120090/nosei/byogaicyu/yohou/2008yohou.html,その他,その他,いちじくさび病の発生に注意しましょう（PDF：92KB）,https://www.pref.osaka.lg.jp/documents/92759/200810_itijiku_sabi.pdf,200810_itijiku_sabi.pdf,
大阪府,平成20(2008)年度へ,https://www.pref.osaka.lg.jp/o120090/nosei/byogaicyu/yohou/2008yohou.html,その他,その他,たまねぎべと病の発生に注意しましょう（PDF：119KB）,https://www.pref.osaka.lg.jp/documents/92759/200902_tamanegi_beto.pdf,200902_tamanegi_beto.pdf,
