prefecture,source_page,depth,pdf_url,anchor_text,filename,years
茨城県,https://www.pref.ibaraki.jp/nourinsuisan/nosose/byobo/boujosidou/yosatsujoho/yosatsujoho.html#pheromone,1,https://www.pref.ibaraki.jp/nourinsuisan/nosose/byobo/boujosidou/yosatsujoho/documents/yh3005-byougaityuuyohoumikata.pdf,予報の見方（PDF：132キロバイト）,yh3005-byougaityuuyohoumikata.pdf,
茨城県,https://www.pref.ibaraki.jp/nourinsuisan/nosose/byobo/boujosidou/yosatsujoho/yosatsujoho.html#pheromone,1,https://www.pref.ibaraki.jp/nourinsuisan/nosose/byobo/boujosidou/yosatsujoho/documents/yr0708.pdf,令和7年8月号（PDF：425キロバイト）,yr0708.pdf,2025
茨城県,https://www.pref.ibaraki.jp/nourinsuisan/nosose/byobo/boujosidou/yosatsujoho/yosatsujoho.html#pheromone,1,https://www.pref.ibaraki.jp/nourinsuisan/nosose/byobo/boujosidou/yosatsujoho/documents/0710tyuuihour07-1.pdf,水稲（斑点米カメムシ類）（PDF：314キロバイト）,0710tyuuihour07-1.pdf,
茨城県,https://www.pref.ibaraki.jp/nourinsuisan/nosose/byobo/boujosidou/yosatsujoho/yosatsujoho.html#pheromone,1,https://www.pref.ibaraki.jp/nourinsuisan/nosose/byobo/boujosidou/yosatsujoho/documents/sokuhour7-2.pdf,コムギ（赤かび病）（PDF：122キロバイト）,sokuhour7-2.pdf,
茨城県,https://www.pref.ibaraki.jp/nourinsuisan/nosose/byobo/boujosidou/yosatsujoho/yosatsujoho.html#pheromone,1,https://www.pref.ibaraki.jp/nourinsuisan/nosose/byobo/boujosidou/yosatsujoho/documents/tokusyur7-1.pdf,メロン（CABYVによる病害）（PDF：235キロバイト）,tokusyur7-1.pdf,
茨城県,https://www.pref.ibaraki.jp/nourinsuisan/nosose/byobo/boujosidou/yosatsujoho/yosatsujoho.html#pheromone,1,https://www.pref.ibaraki.jp/nourinsuisan/nosose/byobo/boujosidou/yosatsujoho/documents/0808_ootabakoga.pdf,オオタバコガ（PDF：321キロバイト）,0808_ootabakoga.pdf,
茨城県,https://www.pref.ibaraki.jp/nourinsuisan/nosose/byobo/boujosidou/yosatsujoho/yosatsujoho.html#pheromone,1,https://www.pref.ibaraki.jp/nourinsuisan/nosose/byobo/boujosidou/yosatsujoho/documents/0808_hasumon.pdf,ハスモンヨトウ（PDF：267キロバイト）,0808_hasumon.pdf,
茨城県,https://www.pref.ibaraki.jp/nourinsuisan/nosose/byobo/boujosidou/yosatsujoho/yosatsujoho.html#pheromone,1,https://www.pref.ibaraki.jp/nourinsuisan/nosose/byobo/boujosidou/yosatsujoho/documents/0808_nashihime.pdf,ナシヒメシンクイ（PDF：258キロバイト）,0808_nashihime.pdf,
茨城県,https://www.pref.ibaraki.jp/nourinsuisan/nosose/byobo/boujosidou/yosatsujoho/yosatsujoho.html#pheromone,1,https://www.pref.ibaraki.jp/nourinsuisan/nosose/byobo/boujosidou/yosatsujoho/documents/0808_chabane.pdf,チャバネアオカメムシ（PDF：146キロバイト）,0808_chabane.pdf,
茨城県,https://www.pref.ibaraki.jp/nourinsuisan/nosose/byobo/boujosidou/yosatsujoho/yosatsujoho.html#pheromone,1,https://www.pref.ibaraki.jp/nourinsuisan/nosose/byobo/boujosidou/yosatsujoho/documents/0808_himetobi.pdf,ヒメトビウンカ（PDF：139キロバイト）,0808_himetobi.pdf,
茨城県,https://www.pref.ibaraki.jp/nourinsuisan/nosose/byobo/boujosidou/yosatsujoho/yosatsujoho.html#pheromone,1,https://www.pref.ibaraki.jp/nourinsuisan/nosose/byobo/boujosidou/yosatsujoho/documents/0808_inekame.pdf,イネカメムシ（PDF：149キロバイト）,0808_inekame.pdf,
茨城県,https://www.pref.ibaraki.jp/nourinsuisan/nosose/byobo/boujosidou/yosatsujoho/yosatsujoho.html#pheromone,1,https://www.pref.ibaraki.jp/nourinsuisan/nosose/byobo/boujosidou/yosatsujoho/documents/r07_blastam_setumei.pdf,BLASTAMデータの見方（PDF：50キロバイト）,r07_blastam_setumei.pdf,
茨城県,https://www.pref.ibaraki.jp/nourinsuisan/nosose/byobo/boujosidou/yosatsujoho/yosatsujoho.html#pheromone,1,https://www.pref.ibaraki.jp/nourinsuisan/nosose/byobo/boujosidou/yosatsujoho/documents/0804_blastam.pdf,令和7年8月4日（PDF：82キロバイト）,0804_blastam.pdf,2025
茨城県,https://www.pref.ibaraki.jp/nourinsuisan/nosose/byobo/boujosidou/yosatsujoho/yosatsujoho.html#BLASTAM_deta,1,https://www.pref.ibaraki.jp/nourinsuisan/nosose/byobo/boujosidou/yosatsujoho/documents/yh3005-byougaityuuyohoumikata.pdf,予報の見方（PDF：132キロバイト）,yh3005-byougaityuuyohoumikata.pdf,
茨城県,https://www.pref.ibaraki.jp/nourinsuisan/nosose/byobo/boujosidou/yosatsujoho/yosatsujoho.html#BLASTAM_deta,1,https://www.pref.ibaraki.jp/nourinsuisan/nosose/byobo/boujosidou/yosatsujoho/documents/yr0708.pdf,令和7年8月号（PDF：425キロバイト）,yr0708.pdf,2025
茨城県,https://www.pref.ibaraki.jp/nourinsuisan/nosose/byobo/boujosidou/yosatsujoho/yosatsujoho.html#BLASTAM_deta,1,https://www.pref.ibaraki.jp/nourinsuisan/nosose/byobo/boujosidou/yosatsujoho/documents/0710tyuuihour07-1.pdf,水稲（斑点米カメムシ類）（PDF：314キロバイト）,0710tyuuihour07-1.pdf,
茨城県,https://www.pref.ibaraki.jp/nourinsuisan/nosose/byobo/boujosidou/yosatsujoho/yosatsujoho.html#BLASTAM_deta,1,https://www.pref.ibaraki.jp/nourinsuisan/nosose/byobo/boujosidou/yosatsujoho/documents/sokuhour7-2.pdf,コムギ（赤かび病）（PDF：122キロバイト）,sokuhour7-2.pdf,
茨城県,https://www.pref.ibaraki.jp/nourinsuisan/nosose/byobo/boujosidou/yosatsujoho/yosatsujoho.html#BLASTAM_deta,1,https://www.pref.ibaraki.jp/nourinsuisan/nosose/byobo/boujosidou/yosatsujoho/documents/tokusyur7-1.pdf,メロン（CABYVによる病害）（PDF：235キロバイト）,tokusyur7-1.pdf,
茨城県,https://www.pref.ibaraki.jp/nourinsuisan/nosose/byobo/boujosidou/yosatsujoho/yosatsujoho.html#BLASTAM_deta,1,https://www.pref.ibaraki.jp/nourinsuisan/nosose/byobo/boujosidou/yosatsujoho/documents/0808_ootabakoga.pdf,オオタバコガ（PDF：321キロバイト）,0808_ootabakoga.pdf,
茨城県,https://www.pref.ibaraki.jp/nourinsuisan/nosose/byobo/boujosidou/yosatsujoho/yosatsujoho.html#BLASTAM_deta,1,https://www.pref.ibaraki.jp/nourinsuisan/nosose/byobo/boujosidou/yosatsujoho/documents/0808_hasumon.pdf,ハスモンヨトウ（PDF：267キロバイト）,0808_hasumon.pdf,
茨城県,https://www.pref.ibaraki.jp/nourinsuisan/nosose/byobo/boujosidou/yosatsujoho/yosatsujoho.html#BLASTAM_deta,1,https://www.pref.ibaraki.jp/nourinsuisan/nosose/byobo/boujosidou/yosatsujoho/documents/0808_nashihime.pdf,ナシヒメシンクイ（PDF：258キロバイト）,0808_nashihime.pdf,
茨城県,https://www.pref.ibaraki.jp/nourinsuisan/nosose/byobo/boujosidou/yosatsujoho/yosatsujoho.html#BLASTAM_deta,1,https://www.pref.ibaraki.jp/nourinsuisan/nosose/byobo/boujosidou/yosatsujoho/documents/0808_chabane.pdf,チャバネアオカメムシ（PDF：146キロバイト）,0808_chabane.pdf,
茨城県,https://www.pref.ibaraki.jp/nourinsuisan/nosose/byobo/boujosidou/yosatsujoho/yosatsujoho.html#BLASTAM_deta,1,https://www.pref.ibaraki.jp/nourinsuisan/nosose/byobo/boujosidou/yosatsujoho/documents/0808_himetobi.pdf,ヒメトビウンカ（PDF：139キロバイト）,0808_himetobi.pdf,
茨城県,https://www.pref.ibaraki.jp/nourinsuisan/nosose/byobo/boujosidou/yosatsujoho/yosatsujoho.html#BLASTAM_deta,1,https://www.pref.ibaraki.jp/nourinsuisan/nosose/byobo/boujosidou/yosatsujoho/documents/0808_inekame.pdf,イネカメムシ（PDF：149キロバイト）,0808_inekame.pdf,
茨城県,https://www.pref.ibaraki.jp/nourinsuisan/nosose/byobo/boujosidou/yosatsujoho/yosatsujoho.html#BLASTAM_deta,1,https://www.pref.ibaraki.jp/nourinsuisan/nosose/byobo/boujosidou/yosatsujoho/documents/r07_blastam_setumei.pdf,BLASTAMデータの見方（PDF：50キロバイト）,r07_blastam_setumei.pdf,
茨城県,https://www.pref.ibaraki.jp/nourinsuisan/nosose/byobo/boujosidou/yosatsujoho/yosatsujoho.html#BLASTAM_deta,1,https://www.pref.ibaraki.jp/nourinsuisan/nosose/byobo/boujosidou/yosatsujoho/documents/0804_blastam.pdf,令和7年8月4日（PDF：82キロバイト）,0804_blastam.pdf,2025
茨城県,https://www.pref.ibaraki.jp/nourinsuisan/nosose/byobo/boujosidou/yosatsujoho/yosatsujoho.html,1,https://www.pref.ibaraki.jp/nourinsuisan/nosose/byobo/boujosidou/yosatsujoho/documents/yh3005-byougaityuuyohoumikata.pdf,予報の見方（PDF：132キロバイト）,yh3005-byougaityuuyohoumikata.pdf,
茨城県,https://www.pref.ibaraki.jp/nourinsuisan/nosose/byobo/boujosidou/yosatsujoho/yosatsujoho.html,1,https://www.pref.ibaraki.jp/nourinsuisan/nosose/byobo/boujosidou/yosatsujoho/documents/yr0708.pdf,令和7年8月号（PDF：425キロバイト）,yr0708.pdf,2025
茨城県,https://www.pref.ibaraki.jp/nourinsuisan/nosose/byobo/boujosidou/yosatsujoho/yosatsujoho.html,1,https://www.pref.ibaraki.jp/nourinsuisan/nosose/byobo/boujosidou/yosatsujoho/documents/0710tyuuihour07-1.pdf,水稲（斑点米カメムシ類）（PDF：314キロバイト）,0710tyuuihour07-1.pdf,
茨城県,https://www.pref.ibaraki.jp/nourinsuisan/nosose/byobo/boujosidou/yosatsujoho/yosatsujoho.html,1,https://www.pref.ibaraki.jp/nourinsuisan/nosose/byobo/boujosidou/yosatsujoho/documents/sokuhour7-2.pdf,コムギ（赤かび病）（PDF：122キロバイト）,sokuhour7-2.pdf,
茨城県,https://www.pref.ibaraki.jp/nourinsuisan/nosose/byobo/boujosidou/yosatsujoho/yosatsujoho.html,1,https://www.pref.ibaraki.jp/nourinsuisan/nosose/byobo/boujosidou/yosatsujoho/documents/tokusyur7-1.pdf,メロン（CABYVによる病害）（PDF：235キロバイト）,tokusyur7-1.pdf,
茨城県,https://www.pref.ibaraki.jp/nourinsuisan/nosose/byobo/boujosidou/yosatsujoho/yosatsujoho.html,1,https://www.pref.ibaraki.jp/nourinsuisan/nosose/byobo/boujosidou/yosatsujoho/documents/0808_ootabakoga.pdf,オオタバコガ（PDF：321キロバイト）,0808_ootabakoga.pdf,
茨城県,https://www.pref.ibaraki.jp/nourinsuisan/nosose/byobo/boujosidou/yosatsujoho/yosatsujoho.html,1,https://www.pref.ibaraki.jp/nourinsuisan/nosose/byobo/boujosidou/yosatsujoho/documents/0808_hasumon.pdf,ハスモンヨトウ（PDF：267キロバイト）,0808_hasumon.pdf,
茨城県,https://www.pref.ibaraki.jp/nourinsuisan/nosose/byobo/boujosidou/yosatsujoho/yosatsujoho.html,1,https://www.pref.ibaraki.jp/nourinsuisan/nosose/byobo/boujosidou/yosatsujoho/documents/0808_nashihime.pdf,ナシヒメシンクイ（PDF：258キロバイト）,0808_nashihime.pdf,
茨城県,https://www.pref.ibaraki.jp/nourinsuisan/nosose/byobo/boujosidou/yosatsujoho/yosatsujoho.html,1,https://www.pref.ibaraki.jp/nourinsuisan/nosose/byobo/boujosidou/yosatsujoho/documents/0808_chabane.pdf,チャバネアオカメムシ（PDF：146キロバイト）,0808_chabane.pdf,
茨城県,https://www.pref.ibaraki.jp/nourinsuisan/nosose/byobo/boujosidou/yosatsujoho/yosatsujoho.html,1,https://www.pref.ibaraki.jp/nourinsuisan/nosose/byobo/boujosidou/yosatsujoho/documents/0808_himetobi.pdf,ヒメトビウンカ（PDF：139キロバイト）,0808_himetobi.pdf,
茨城県,https://www.pref.ibaraki.jp/nourinsuisan/nosose/byobo/boujosidou/yosatsujoho/yosatsujoho.html,1,https://www.pref.ibaraki.jp/nourinsuisan/nosose/byobo/boujosidou/yosatsujoho/documents/0808_inekame.pdf,イネカメムシ（PDF：149キロバイト）,0808_inekame.pdf,
茨城県,https://www.pref.ibaraki.jp/nourinsuisan/nosose/byobo/boujosidou/yosatsujoho/yosatsujoho.html,1,https://www.pref.ibaraki.jp/nourinsuisan/nosose/byobo/boujosidou/yosatsujoho/documents/r07_blastam_setumei.pdf,BLASTAMデータの見方（PDF：50キロバイト）,r07_blastam_setumei.pdf,
茨城県,https://www.pref.ibaraki.jp/nourinsuisan/nosose/byobo/boujosidou/yosatsujoho/yosatsujoho.html,1,https://www.pref.ibaraki.jp/nourinsuisan/nosose/byobo/boujosidou/yosatsujoho/documents/0804_blastam.pdf,令和7年8月4日（PDF：82キロバイト）,0804_blastam.pdf,2025
茨城県,https://www.pref.ibaraki.jp/nourinsuisan/nosose/byobo/boujosidou/noyaku/nouyakukannrenn.html,1,https://www.pref.ibaraki.jp/nourinsuisan/nosose/byobo/boujosidou/noyaku/documents/acephate_1.pdf,アセフェート粒剤（オルトラン粒剤他）（PDF：127KB）,acephate_1.pdf,
茨城県,https://www.pref.ibaraki.jp/nourinsuisan/nosose/byobo/boujosidou/noyaku/nouyakukannrenn.html,1,https://www.pref.ibaraki.jp/nourinsuisan/nosose/byobo/boujosidou/noyaku/documents/acephate_2.pdf,アセフェート粒剤（家庭園芸用オルトラン粒剤他）（PDF：304KB）,acephate_2.pdf,
茨城県,https://www.pref.ibaraki.jp/nourinsuisan/nosose/byobo/boujosidou/noyaku/nouyakukannrenn.html,1,https://www.pref.ibaraki.jp/nourinsuisan/nosose/byobo/boujosidou/noyaku/documents/prothiofos_1.pdf,プロチオホス乳剤（トクチオン乳剤）（PDF：143KB）,prothiofos_1.pdf,
茨城県,https://www.pref.ibaraki.jp/nourinsuisan/nosose/byobo/boujosidou/noyaku/nouyakukannrenn.html,1,https://www.pref.ibaraki.jp/nourinsuisan/nosose/byobo/boujosidou/noyaku/documents/prothiofos_2.pdf,プロチオホス粉粒剤（トクチオン細粒剤F）（PDF：134KB）,prothiofos_2.pdf,
茨城県,https://www.pref.ibaraki.jp/nourinsuisan/nosose/byobo/boujosidou/noyaku/nouyakukannrenn.html,1,https://www.pref.ibaraki.jp/nourinsuisan/nosose/byobo/boujosidou/noyaku/documents/cartap.pdf,カルタップ水溶剤（パダンSG水溶剤他）（PDF：136KB）,cartap.pdf,
茨城県,https://www.pref.ibaraki.jp/nourinsuisan/nosose/byobo/boujosidou/noyaku/nouyakukannrenn.html,1,https://www.pref.ibaraki.jp/nourinsuisan/nosose/byobo/boujosidou/noyaku/documents/kresoxim-methyl.pdf,クレソキシムメチル水和剤（ストロビーフロアブル他）（PDF：137KB）,kresoxim-methyl.pdf,
茨城県,https://www.pref.ibaraki.jp/nourinsuisan/nosose/byobo/boujosidou/noyaku/nouyakukannrenn.html,1,https://www.pref.ibaraki.jp/nourinsuisan/nosose/byobo/boujosidou/noyaku/documents/etobenzanide.pdf,エトベンザニド水和剤（グリーンビルフロアブル、アビシェムフロアブル）（PDF：89KB）,etobenzanide.pdf,
茨城県,https://www.pref.ibaraki.jp/nourinsuisan/nosose/byobo/boujosidou/noyaku/nouyakukannrenn.html,1,https://www.pref.ibaraki.jp/nourinsuisan/nosose/byobo/boujosidou/noyaku/documents/dairon.pdf,DCMU水和剤（ダイロン他）（PDF：145KB）,dairon.pdf,
茨城県,https://www.pref.ibaraki.jp/nourinsuisan/nosose/byobo/boujosidou/noyaku/nouyakukannrenn.html,1,https://www.pref.ibaraki.jp/nourinsuisan/nosose/byobo/boujosidou/noyaku/documents/machin_oil95.pdf,マシン油乳剤（機械油乳剤95他）（PDF：141KB）,machin_oil95.pdf,
茨城県,https://www.pref.ibaraki.jp/nourinsuisan/nosose/byobo/boujosidou/noyaku/nouyakukannrenn.html,1,https://www.pref.ibaraki.jp/nourinsuisan/nosose/byobo/boujosidou/noyaku/documents/maitokurin.pdf,ピリミジフェン水和剤（マイトクリーン）（PDF：148KB）,maitokurin.pdf,
茨城県,https://www.pref.ibaraki.jp/nourinsuisan/nosose/byobo/boujosidou/noyaku/nouyakukannrenn.html,1,https://www.pref.ibaraki.jp/nourinsuisan/nosose/byobo/boujosidou/noyaku/documents/padansuiyouzai.pdf,カルタップ水溶剤（パダン水溶剤）（PDF：130KB）,padansuiyouzai.pdf,
茨城県,https://www.pref.ibaraki.jp/nourinsuisan/nosose/byobo/boujosidou/noyaku/nouyakukannrenn.html,1,https://www.pref.ibaraki.jp/nourinsuisan/nosose/byobo/boujosidou/noyaku/documents/botaniguardes.pdf,ボーベリア　バシアーナ乳剤（ボタニガードES）（PDF：132KB）,botaniguardes.pdf,
茨城県,https://www.pref.ibaraki.jp/nourinsuisan/nosose/byobo/boujosidou/noyaku/nouyakukannrenn.html,1,https://www.pref.ibaraki.jp/nourinsuisan/nosose/byobo/boujosidou/noyaku/documents/marubouzu_nekosogidx.pdf,ブロマシル・MCPP粒剤（まるぼうず、ネコソギトップDX）（PDF：96KB）,marubouzu_nekosogidx.pdf,
茨城県,https://www.pref.ibaraki.jp/nourinsuisan/nosose/byobo/boujosidou/noyaku/nouyakukannrenn.html,1,https://www.pref.ibaraki.jp/nourinsuisan/nosose/byobo/boujosidou/noyaku/documents/baide-tolryuuzai.pdf,オキサミル粒剤（バイデートL粒剤）（PDF：90KB）,baide-tolryuuzai.pdf,
茨城県,https://www.pref.ibaraki.jp/nourinsuisan/nosose/byobo/boujosidou/noyaku/nouyakukannrenn.html,1,https://www.pref.ibaraki.jp/nourinsuisan/nosose/byobo/boujosidou/noyaku/documents/ariettecsuiwazai.pdf,キャプタン・ホセチル水和剤（アリエッティC水和剤）（PDF：90KB）,ariettecsuiwazai.pdf,
茨城県,https://www.pref.ibaraki.jp/nourinsuisan/nosose/byobo/boujosidou/noyaku/nouyakukannrenn.html,1,https://www.pref.ibaraki.jp/nourinsuisan/nosose/byobo/boujosidou/noyaku/documents/tankibakuroniyoru20henkounituite.pdf,短期暴露評価による農薬の登録変更（PDF：106キロバイト）,tankibakuroniyoru20henkounituite.pdf,
茨城県,https://www.pref.ibaraki.jp/nourinsuisan/nosose/byobo/boujosidou/noyaku/nouyakukannrenn.html,1,https://www.pref.ibaraki.jp/nourinsuisan/nosose/byobo/boujosidou/noyaku/documents/arfd20tadatini20h270302.pdf,ただちに使用方法を変更する必要がある農薬一覧（PDF：112キロバイト）,arfd20tadatini20h270302.pdf,
茨城県,https://www.pref.ibaraki.jp/nourinsuisan/nosose/byobo/boujosidou/yosatsujoho/yosatsujyohor7.html#H29sokuhou,1,https://www.pref.ibaraki.jp/nourinsuisan/nosose/byobo/boujosidou/yosatsujoho/documents/yr0708.pdf,8月号（PDF:425キロバイト）,yr0708.pdf,2025
茨城県,https://www.pref.ibaraki.jp/nourinsuisan/nosose/byobo/boujosidou/yosatsujoho/yosatsujyohor7.html#H29sokuhou,1,https://www.pref.ibaraki.jp/nourinsuisan/nosose/byobo/boujosidou/yosatsujoho/documents/yr0707.pdf,7月号（PDF:505キロバイト）,yr0707.pdf,2025
茨城県,https://www.pref.ibaraki.jp/nourinsuisan/nosose/byobo/boujosidou/yosatsujoho/yosatsujyohor7.html#H29sokuhou,1,https://www.pref.ibaraki.jp/nourinsuisan/nosose/byobo/boujosidou/yosatsujoho/documents/yr0706.pdf,6月号（PDF:324キロバイト）,yr0706.pdf,2025
茨城県,https://www.pref.ibaraki.jp/nourinsuisan/nosose/byobo/boujosidou/yosatsujoho/yosatsujyohor7.html#H29sokuhou,1,https://www.pref.ibaraki.jp/nourinsuisan/nosose/byobo/boujosidou/yosatsujoho/documents/yr0705.pdf,5月号（PDF:379キロバイト）,yr0705.pdf,2025
茨城県,https://www.pref.ibaraki.jp/nourinsuisan/nosose/byobo/boujosidou/yosatsujoho/yosatsujyohor7.html#H29sokuhou,1,https://www.pref.ibaraki.jp/nourinsuisan/nosose/byobo/boujosidou/yosatsujoho/documents/0710tyuuihour07-1.pdf,第1号（314キロバイト）,0710tyuuihour07-1.pdf,2025
茨城県,https://www.pref.ibaraki.jp/nourinsuisan/nosose/byobo/boujosidou/yosatsujoho/yosatsujyohor7.html#H29sokuhou,1,https://www.pref.ibaraki.jp/nourinsuisan/nosose/byobo/boujosidou/yosatsujoho/documents/sokuhour7-2.pdf,No.2（PDF：122キロバイト）,sokuhour7-2.pdf,2025
茨城県,https://www.pref.ibaraki.jp/nourinsuisan/nosose/byobo/boujosidou/yosatsujoho/yosatsujyohor7.html#H29sokuhou,1,https://www.pref.ibaraki.jp/nourinsuisan/nosose/byobo/boujosidou/yosatsujoho/documents/sokuhour7-1.pdf,No.1（PDF：124キロバイト）,sokuhour7-1.pdf,2025
茨城県,https://www.pref.ibaraki.jp/nourinsuisan/nosose/byobo/boujosidou/yosatsujoho/yosatsujyohor7.html#H29sokuhou,1,https://www.pref.ibaraki.jp/nourinsuisan/nosose/byobo/boujosidou/yosatsujoho/documents/tokusyur7-1.pdf,No.1（PDF：235キロバイト）,tokusyur7-1.pdf,2025
茨城県,https://www.pref.ibaraki.jp/nourinsuisan/nosose/byobo/boujosidou/yosatsujoho/yosatsujoho6.html#H29tokusyuho,1,https://www.pref.ibaraki.jp/nourinsuisan/nosose/byobo/boujosidou/yosatsujoho/documents/yr0704.pdf,4月号（PDF：283キロバイト）,yr0704.pdf,2024
茨城県,https://www.pref.ibaraki.jp/nourinsuisan/nosose/byobo/boujosidou/yosatsujoho/yosatsujoho6.html#H29tokusyuho,1,https://www.pref.ibaraki.jp/nourinsuisan/nosose/byobo/boujosidou/yosatsujoho/documents/yr0703.pdf,3月号（PDF：186キロバイト）,yr0703.pdf,2024
茨城県,https://www.pref.ibaraki.jp/nourinsuisan/nosose/byobo/boujosidou/yosatsujoho/yosatsujoho6.html#H29tokusyuho,1,https://www.pref.ibaraki.jp/nourinsuisan/nosose/byobo/boujosidou/yosatsujoho/documents/yr0702.pdf,2月号（PDF：413キロバイト）,yr0702.pdf,2024
茨城県,https://www.pref.ibaraki.jp/nourinsuisan/nosose/byobo/boujosidou/yosatsujoho/yosatsujoho6.html#H29tokusyuho,1,https://www.pref.ibaraki.jp/nourinsuisan/nosose/byobo/boujosidou/yosatsujoho/documents/yr0701.pdf,1月号（PDF：314キロバイト）,yr0701.pdf,2024
茨城県,https://www.pref.ibaraki.jp/nourinsuisan/nosose/byobo/boujosidou/yosatsujoho/yosatsujoho6.html#H29tokusyuho,1,https://www.pref.ibaraki.jp/nourinsuisan/nosose/byobo/boujosidou/yosatsujoho/documents/yr0612.pdf,12月号（PDF：199キロバイト）,yr0612.pdf,2024
茨城県,https://www.pref.ibaraki.jp/nourinsuisan/nosose/byobo/boujosidou/yosatsujoho/yosatsujoho6.html#H29tokusyuho,1,https://www.pref.ibaraki.jp/nourinsuisan/nosose/byobo/boujosidou/yosatsujoho/documents/yr0611.pdf,11月号（PDF：407キロバイト）,yr0611.pdf,2024
茨城県,https://www.pref.ibaraki.jp/nourinsuisan/nosose/byobo/boujosidou/yosatsujoho/yosatsujoho6.html#H29tokusyuho,1,https://www.pref.ibaraki.jp/nourinsuisan/nosose/byobo/boujosidou/yosatsujoho/documents/yr0610.pdf,10月号（PDF：445キロバイト）,yr0610.pdf,2024
茨城県,https://www.pref.ibaraki.jp/nourinsuisan/nosose/byobo/boujosidou/yosatsujoho/yosatsujoho6.html#H29tokusyuho,1,https://www.pref.ibaraki.jp/nourinsuisan/nosose/byobo/boujosidou/yosatsujoho/documents/yr0609.pdf,9月号（PDF：212キロバイト）,yr0609.pdf,2024
茨城県,https://www.pref.ibaraki.jp/nourinsuisan/nosose/byobo/boujosidou/yosatsujoho/yosatsujoho6.html#H29tokusyuho,1,https://www.pref.ibaraki.jp/nourinsuisan/nosose/byobo/boujosidou/yosatsujoho/documents/yr0608.pdf,8月号（PDF：203キロバイト）,yr0608.pdf,2024
茨城県,https://www.pref.ibaraki.jp/nourinsuisan/nosose/byobo/boujosidou/yosatsujoho/yosatsujoho6.html#H29tokusyuho,1,https://www.pref.ibaraki.jp/nourinsuisan/nosose/byobo/boujosidou/yosatsujoho/documents/yr0607.pdf,7月号（PDF：330キロバイト）,yr0607.pdf,2024
茨城県,https://www.pref.ibaraki.jp/nourinsuisan/nosose/byobo/boujosidou/yosatsujoho/yosatsujoho6.html#H29tokusyuho,1,https://www.pref.ibaraki.jp/nourinsuisan/nosose/byobo/boujosidou/yosatsujoho/documents/yr0606.pdf,6月号（PDF：328キロバイト）,yr0606.pdf,2024
茨城県,https://www.pref.ibaraki.jp/nourinsuisan/nosose/byobo/boujosidou/yosatsujoho/yosatsujoho6.html#H29tokusyuho,1,https://www.pref.ibaraki.jp/nourinsuisan/nosose/byobo/boujosidou/yosatsujoho/documents/yr0605.pdf,5月号（PDF：309キロバイト）,yr0605.pdf,2024
茨城県,https://www.pref.ibaraki.jp/nourinsuisan/nosose/byobo/boujosidou/yosatsujoho/yosatsujoho6.html#H29tokusyuho,1,https://www.pref.ibaraki.jp/nourinsuisan/nosose/byobo/boujosidou/yosatsujoho/documents/tyuuihour06-3.pdf,第3号（PDF:166キロバイト）,tyuuihour06-3.pdf,2024
茨城県,https://www.pref.ibaraki.jp/nourinsuisan/nosose/byobo/boujosidou/yosatsujoho/yosatsujoho6.html#H29tokusyuho,1,https://www.pref.ibaraki.jp/nourinsuisan/nosose/byobo/boujosidou/yosatsujoho/documents/tyuuihour06-2.pdf,第2号（PDF:135キロバイト）,tyuuihour06-2.pdf,2024
茨城県,https://www.pref.ibaraki.jp/nourinsuisan/nosose/byobo/boujosidou/yosatsujoho/yosatsujoho6.html#H29tokusyuho,1,https://www.pref.ibaraki.jp/nourinsuisan/nosose/byobo/boujosidou/yosatsujoho/documents/tyuuihour6-1.pdf,第1号（PDF:215キロバイト）,tyuuihour6-1.pdf,2024
茨城県,https://www.pref.ibaraki.jp/nourinsuisan/nosose/byobo/boujosidou/yosatsujoho/yosatsujoho6.html#H29tokusyuho,1,https://www.pref.ibaraki.jp/nourinsuisan/nosose/byobo/boujosidou/yosatsujoho/documents/sokuhour6-14.pdf,No.14（PDF：112キロバイト）,sokuhour6-14.pdf,2024
茨城県,https://www.pref.ibaraki.jp/nourinsuisan/nosose/byobo/boujosidou/yosatsujoho/yosatsujoho6.html#H29tokusyuho,1,https://www.pref.ibaraki.jp/nourinsuisan/nosose/byobo/boujosidou/yosatsujoho/documents/sokuhour6-13.pdf,No.13（PDF：107キロバイト）,sokuhour6-13.pdf,2024
茨城県,https://www.pref.ibaraki.jp/nourinsuisan/nosose/byobo/boujosidou/yosatsujoho/yosatsujoho6.html#H29tokusyuho,1,https://www.pref.ibaraki.jp/nourinsuisan/nosose/byobo/boujosidou/yosatsujoho/documents/sokuhour6-12.pdf,No.12（PDF：257キロバイト）,sokuhour6-12.pdf,2024
茨城県,https://www.pref.ibaraki.jp/nourinsuisan/nosose/byobo/boujosidou/yosatsujoho/yosatsujoho6.html#H29tokusyuho,1,https://www.pref.ibaraki.jp/nourinsuisan/nosose/byobo/boujosidou/yosatsujoho/documents/sokuhour6-11.pdf,No.11（PDF：137キロバイト）,sokuhour6-11.pdf,2024
茨城県,https://www.pref.ibaraki.jp/nourinsuisan/nosose/byobo/boujosidou/yosatsujoho/yosatsujoho6.html#H29tokusyuho,1,https://www.pref.ibaraki.jp/nourinsuisan/nosose/byobo/boujosidou/yosatsujoho/documents/sokuhour6-10.pdf,No.10（PDF：108キロバイト）,sokuhour6-10.pdf,2024
茨城県,https://www.pref.ibaraki.jp/nourinsuisan/nosose/byobo/boujosidou/yosatsujoho/yosatsujoho6.html#H29tokusyuho,1,https://www.pref.ibaraki.jp/nourinsuisan/nosose/byobo/boujosidou/yosatsujoho/documents/sokuhour6-9.pdf,No.9（PDF：166キロバイト）,sokuhour6-9.pdf,2024
茨城県,https://www.pref.ibaraki.jp/nourinsuisan/nosose/byobo/boujosidou/yosatsujoho/yosatsujoho6.html#H29tokusyuho,1,https://www.pref.ibaraki.jp/nourinsuisan/nosose/byobo/boujosidou/yosatsujoho/documents/sokuhour6-8.pdf,No.8（PDF：181キロバイト）,sokuhour6-8.pdf,2024
茨城県,https://www.pref.ibaraki.jp/nourinsuisan/nosose/byobo/boujosidou/yosatsujoho/yosatsujoho6.html#H29tokusyuho,1,https://www.pref.ibaraki.jp/nourinsuisan/nosose/byobo/boujosidou/yosatsujoho/documents/sokuhour06-7.pdf,No.7（PDF：228キロバイト）,sokuhour06-7.pdf,2024
茨城県,https://www.pref.ibaraki.jp/nourinsuisan/nosose/byobo/boujosidou/yosatsujoho/yosatsujoho6.html#H29tokusyuho,1,https://www.pref.ibaraki.jp/nourinsuisan/nosose/byobo/boujosidou/yosatsujoho/documents/sokuhour6-6.pdf,No.6（PDF：208キロバイト）,sokuhour6-6.pdf,2024
茨城県,https://www.pref.ibaraki.jp/nourinsuisan/nosose/byobo/boujosidou/yosatsujoho/yosatsujoho6.html#H29tokusyuho,1,https://www.pref.ibaraki.jp/nourinsuisan/nosose/byobo/boujosidou/yosatsujoho/documents/sokuhour06-5.pdf,No.5（PDF：470キロバイト）,sokuhour06-5.pdf,2024
茨城県,https://www.pref.ibaraki.jp/nourinsuisan/nosose/byobo/boujosidou/yosatsujoho/yosatsujoho6.html#H29tokusyuho,1,https://www.pref.ibaraki.jp/nourinsuisan/nosose/byobo/boujosidou/yosatsujoho/documents/sokuhour6-4.pdf,No.4（PDF:332キロバイト）,sokuhour6-4.pdf,2024
茨城県,https://www.pref.ibaraki.jp/nourinsuisan/nosose/byobo/boujosidou/yosatsujoho/yosatsujoho6.html#H29tokusyuho,1,https://www.pref.ibaraki.jp/nourinsuisan/nosose/byobo/boujosidou/yosatsujoho/documents/sokuhour6-3.pdf,No.3（PDF:221キロバイト）,sokuhour6-3.pdf,2024
茨城県,https://www.pref.ibaraki.jp/nourinsuisan/nosose/byobo/boujosidou/yosatsujoho/yosatsujoho6.html#H29tokusyuho,1,https://www.pref.ibaraki.jp/nourinsuisan/nosose/byobo/boujosidou/yosatsujoho/documents/sokuhour6-2_syususeiban.pdf,No.2（PDF:95キロバイト）,sokuhour6-2_syususeiban.pdf,2024
茨城県,https://www.pref.ibaraki.jp/nourinsuisan/nosose/byobo/boujosidou/yosatsujoho/yosatsujoho6.html#H29tokusyuho,1,https://www.pref.ibaraki.jp/nourinsuisan/nosose/byobo/boujosidou/yosatsujoho/documents/sokuhour6-1.pdf,No.1（PDF：121キロバイト）,sokuhour6-1.pdf,2024
茨城県,https://www.pref.ibaraki.jp/nourinsuisan/nosose/byobo/boujosidou/yosatsujoho/yosatsujoho6.html#H29tokusyuho,1,https://www.pref.ibaraki.jp/nourinsuisan/nosose/byobo/boujosidou/yosatsujoho/documents/tokusyur6-2.pdf,"第2号（PDF：1,634キロバイト）",tokusyur6-2.pdf,2024
茨城県,https://www.pref.ibaraki.jp/nourinsuisan/nosose/byobo/boujosidou/yosatsujoho/yosatsujoho6.html#H29tokusyuho,1,https://www.pref.ibaraki.jp/nourinsuisan/nosose/byobo/boujosidou/yosatsujoho/documents/tokusyur6-1.pdf,第1号（PDF:314キロバイト）,tokusyur6-1.pdf,2024
茨城県,https://www.pref.ibaraki.jp/nourinsuisan/nosose/byobo/boujosidou/byougaityuukannrennjouhou/byougaityuukannrenn-top.html,1,https://www.pref.ibaraki.jp/nourinsuisan/nosose/byobo/boujosidou/byougaityuukannrennjouhou/documents/budou_syuyoubyougaityuu.pdf,ブドウ主要病害の今後の防除対策（PDF：149キロバイト）,budou_syuyoubyougaityuu.pdf,
茨城県,https://www.pref.ibaraki.jp/nourinsuisan/nosose/byobo/boujosidou/byougaityuukannrennjouhou/byougaityuukannrenn-top.html,1,https://www.pref.ibaraki.jp/nourinsuisan/nosose/byobo/boujosidou/byougaityuukannrennjouhou/documents/hanntennmaikamemusi.pdf,水稲の斑点米カメムシ類の発生に注意しましょう！（PDF：97キロバイト）,hanntennmaikamemusi.pdf,
茨城県,https://www.pref.ibaraki.jp/nourinsuisan/nosose/byobo/boujosidou/byougaityuukannrennjouhou/byougaityuukannrenn-top.html,1,https://www.pref.ibaraki.jp/nourinsuisan/nosose/byobo/boujosidou/byougaityuukannrennjouhou/documents/r0503_siroitimoziyotou.pdf,シロイチモジヨトウにおける主要薬剤の殺虫効果について（PDF：698バイト）,r0503_siroitimoziyotou.pdf,
茨城県,https://www.pref.ibaraki.jp/nourinsuisan/nosose/byobo/boujosidou/byougaityuukannrennjouhou/byougaityuukannrenn-top.html,1,https://www.pref.ibaraki.jp/nourinsuisan/nosose/byobo/boujosidou/byougaityuukannrennjouhou/documents/8_yr0310_himetobiunka.pdf,近年、ヒメトビウンカに対する本田防除適期が早まっています（PDF：65キロバイト）,8_yr0310_himetobiunka.pdf,
茨城県,https://www.pref.ibaraki.jp/nourinsuisan/nosose/byobo/boujosidou/byougaityuukannrennjouhou/byougaityuukannrenn-top.html,1,https://www.pref.ibaraki.jp/nourinsuisan/nosose/byobo/boujosidou/byougaityuukannrennjouhou/documents/3_shiroitimmojiyotou.pdf,シロイチモジヨトウにおける主要薬剤の殺虫効果について（PDF：722KB）,3_shiroitimmojiyotou.pdf,
茨城県,https://www.pref.ibaraki.jp/nourinsuisan/nosose/byobo/boujosidou/byougaityuukannrennjouhou/byougaityuukannrenn-top.html,1,https://www.pref.ibaraki.jp/nourinsuisan/nosose/byobo/boujosidou/byougaityuukannrennjouhou/documents/4_himetobi_yakuzaikentei.pdf,ヒメトビウンカの薬剤感受性検定の結果について（PDF：167キロバイト）,4_himetobi_yakuzaikentei.pdf,
茨城県,https://www.pref.ibaraki.jp/nourinsuisan/nosose/byobo/boujosidou/byougaityuukannrennjouhou/byougaityuukannrenn-top.html,1,https://www.pref.ibaraki.jp/nourinsuisan/nosose/byobo/boujosidou/byougaityuukannrennjouhou/documents/5_nouyaku_sayoukikou.pdf,農薬の作用機構分類（PDF：86キロバイト）,5_nouyaku_sayoukikou.pdf,
茨城県,https://www.pref.ibaraki.jp/nourinsuisan/nosose/byobo/boujosidou/byougaityuukannrennjouhou/byougaityuukannrenn-top.html,1,https://www.pref.ibaraki.jp/nourinsuisan/nosose/byobo/boujosidou/byougaityuukannrennjouhou/documents/2_negihamoguribae.pdf,ネギハモグリバエの別系統の発生について（PDF：993キロバイト）,2_negihamoguribae.pdf,
茨城県,https://www.pref.ibaraki.jp/nourinsuisan/nosose/byobo/boujosidou/byougaityuukannrennjouhou/byougaityuukannrenn-top.html,1,https://www.pref.ibaraki.jp/nourinsuisan/nosose/byobo/boujosidou/byougaityuukannrennjouhou/documents/1_kyuuri_mminamikiiro.pdf,キュウリのミナミキイロアザミウマに対する有効薬剤について（PDF：99キロバイト）,1_kyuuri_mminamikiiro.pdf,
茨城県,https://www.pref.ibaraki.jp/nourinsuisan/nosose/byobo/boujosidou/byougaityuukannrennjouhou/byougaityuukannrenn-top.html,1,https://www.pref.ibaraki.jp/nourinsuisan/nosose/byobo/boujosidou/byougaityuukannrennjouhou/documents/1_ichigo_namihadani.pdf,イチゴのナミハダニに対する殺ダニ剤の効果試験結果について（PDF：214キロバイト）,1_ichigo_namihadani.pdf,
茨城県,https://www.pref.ibaraki.jp/nourinsuisan/nosose/byobo/boujosidou/byougaityuukannrennjouhou/byougaityuukannrenn-top.html,1,https://www.pref.ibaraki.jp/nourinsuisan/nosose/byobo/boujosidou/byougaityuukannrennjouhou/documents/2_ringo_hadani.pdf,リンゴハダニの薬剤感受性検定結果について（PDF：992キロバイト）,2_ringo_hadani.pdf,
茨城県,https://www.pref.ibaraki.jp/nourinsuisan/nosose/byobo/boujosidou/byougaityuukannrennjouhou/byougaityuukannrenn-top.html,1,https://www.pref.ibaraki.jp/nourinsuisan/nosose/byobo/boujosidou/byougaityuukannrennjouhou/documents/3_nashi_hadani.pdf,ナシのハダニ類に対する薬剤感受性検定結果について（PDF：185キロバイト）,3_nashi_hadani.pdf,
茨城県,https://www.pref.ibaraki.jp/nourinsuisan/nosose/byobo/boujosidou/byougaityuukannrennjouhou/byougaityuukannrenn-top.html,1,https://www.pref.ibaraki.jp/nourinsuisan/nosose/byobo/boujosidou/byougaityuukannrennjouhou/documents/4_komuginamagusa.pdf,コムギなまぐさ黒穂病とその対策（PDF：214キロバイト）,4_komuginamagusa.pdf,
茨城県,https://www.pref.ibaraki.jp/nourinsuisan/nosose/byobo/boujosidou/byougaityuukannrennjouhou/byougaityuukannrenn-top.html,1,https://www.pref.ibaraki.jp/nourinsuisan/nosose/byobo/boujosidou/byougaityuukannrennjouhou/documents/5_kiui_kaiyoubyou.pdf,キウイフルーツかいよう病(Psa3系統)について（PDF：619キロバイト）,5_kiui_kaiyoubyou.pdf,
茨城県,https://www.pref.ibaraki.jp/nourinsuisan/nosose/byobo/boujosidou/byougaityuukannrennjouhou/byougaityuukannrenn-top.html,1,https://www.pref.ibaraki.jp/nourinsuisan/nosose/byobo/boujosidou/byougaityuukannrennjouhou/documents/6_konaga_jiamido.pdf,コナガのジアミド系殺虫剤に対する殺虫効果の低下（PDF：168キロバイト）,6_konaga_jiamido.pdf,
茨城県,https://www.pref.ibaraki.jp/nourinsuisan/nosose/byobo/boujosidou/byougaityuukannrennjouhou/byougaityuukannrenn-top.html,1,https://www.pref.ibaraki.jp/nourinsuisan/nosose/byobo/boujosidou/byougaityuukannrennjouhou/documents/7_yakann_chabane.pdf,夜間温度とチャバネアオカメムシの誘殺（PDF：52キロバイト）,7_yakann_chabane.pdf,
茨城県,https://www.pref.ibaraki.jp/nourinsuisan/nosose/byobo/boujosidou/byougaityuukannrennjouhou/byougaityuukannrenn-top.html,1,https://www.pref.ibaraki.jp/nourinsuisan/nosose/byobo/boujosidou/byougaityuukannrennjouhou/documents/8_nasihime.pdf,ナシヒメシンクイのフェロモントラップへの成虫誘殺ピークと防除適期の予測（PDF：115キロバイト）,8_nasihime.pdf,
茨城県,https://www.pref.ibaraki.jp/nourinsuisan/nosose/byobo/boujosidou/byougaityuukannrennjouhou/byougaityuukannrenn-top.html,1,https://www.pref.ibaraki.jp/nourinsuisan/nosose/byobo/boujosidou/byougaityuukannrennjouhou/documents/9_sisetu_uirusubyou.pdf,施設野菜におけるウイルス病を媒介する微小害虫の防除対策について（PDF：128キロバイト）,9_sisetu_uirusubyou.pdf,
茨城県,https://www.pref.ibaraki.jp/nourinsuisan/nosose/byobo/boujosidou/byougaityuukannrennjouhou/byougaityuukannrenn-top.html,1,https://www.pref.ibaraki.jp/nourinsuisan/nosose/byobo/boujosidou/byougaityuukannrennjouhou/documents/10_akakabibyou_hisankoutekibi.pdf,赤かび病菌の子のう胞子の飛散好適日と発病穂率（PDF：45キロバイト）,10_akakabibyou_hisankoutekibi.pdf,
茨城県,https://www.pref.ibaraki.jp/nourinsuisan/nosose/byobo/boujosidou/byougaityuukannrennjouhou/byougaityuukannrenn-top.html,1,https://www.pref.ibaraki.jp/nourinsuisan/nosose/byobo/boujosidou/byougaityuukannrennjouhou/documents/11_tomato_oukahamaki.pdf,トマトの黄化葉巻病について（PDF：94キロバイト）,11_tomato_oukahamaki.pdf,
茨城県,https://www.pref.ibaraki.jp/nourinsuisan/nosose/byobo/boujosidou/byougaityuukannrennjouhou/byougaityuukannrenn-top.html,1,https://www.pref.ibaraki.jp/nourinsuisan/nosose/byobo/boujosidou/byougaityuukannrennjouhou/documents/12_ichigo_ioubyou.pdf,イチゴの萎黄病について（PDF：122キロバイト）,12_ichigo_ioubyou.pdf,
茨城県,https://www.pref.ibaraki.jp/nourinsuisan/nosose/byobo/boujosidou/byougaityuukannrennjouhou/byougaityuukannrenn-top.html,1,https://www.pref.ibaraki.jp/nourinsuisan/nosose/byobo/boujosidou/byougaityuukannrennjouhou/documents/13_momotyokkiri.pdf,モモチョッキリによるナシ被害（PDF：83キロバイト）,13_momotyokkiri.pdf,
茨城県,https://www.pref.ibaraki.jp/nourinsuisan/nosose/byobo/boujosidou/byougaityuukannrennjouhou/byougaityuukannrenn-top.html,1,https://www.pref.ibaraki.jp/nourinsuisan/nosose/byobo/boujosidou/byougaityuukannrennjouhou/documents/14_ichigo_tannsobyou.pdf,イチゴ炭疽病の防除を育苗期から徹底しましょう！（PDF：141キロバイト）,14_ichigo_tannsobyou.pdf,
茨城県,https://www.pref.ibaraki.jp/nourinsuisan/nosose/byobo/boujosidou/byougaityuukannrennjouhou/byougaityuukannrenn-top.html,1,https://www.pref.ibaraki.jp/nourinsuisan/nosose/byobo/boujosidou/byougaityuukannrennjouhou/documents/kazitsuohan.pdf,果実汚斑細菌病チラシ（493キロバイト）（PDF：493キロバイト）,kazitsuohan.pdf,
茨城県,https://www.pref.ibaraki.jp/nourinsuisan/nosose/byobo/boujosidou/byougaityuukannrennjouhou/byougaityuukannrenn-top.html,1,https://www.pref.ibaraki.jp/nourinsuisan/nosose/byobo/boujosidou/byougaityuukannrennjouhou/documents/hamakikatei.pdf,トマト黄化葉巻病チラシ（家庭菜園用）（523キロバイト）（PDF：523キロバイト）,hamakikatei.pdf,
茨城県,https://www.pref.ibaraki.jp/nourinsuisan/nosose/byobo/boujosidou/byougaityuukannrennjouhou/byougaityuukannrenn-top.html,1,https://www.pref.ibaraki.jp/nourinsuisan/nosose/byobo/boujosidou/byougaityuukannrennjouhou/documents/17_satuma_nakajirositaba.pdf,サツマイモのナカジロシタバの発生生態と防除対策（PDF：101キロバイト）,17_satuma_nakajirositaba.pdf,
茨城県,https://www.pref.ibaraki.jp/nourinsuisan/nosose/byobo/boujosidou/byougaityuukannrennjouhou/byougaityuukannrenn-top.html,1,https://www.pref.ibaraki.jp/nourinsuisan/nosose/byobo/boujosidou/byougaityuukannrennjouhou/documents/18_suitoubyougaityuu.pdf,水稲の主な病害虫と防除対策について（PDF：106キロバイト）,18_suitoubyougaityuu.pdf,
茨城県,https://www.pref.ibaraki.jp/nourinsuisan/nosose/byobo/boujosidou/byougaityuukannrennjouhou/byougaityuukannrenn-top.html,1,https://www.pref.ibaraki.jp/nourinsuisan/nosose/byobo/boujosidou/byougaityuukannrennjouhou/documents/19_azamiuma_boujyotaisaku.pdf,アザミウマ類の防除対策について（PDF：120キロバイト）,19_azamiuma_boujyotaisaku.pdf,
茨城県,https://www.pref.ibaraki.jp/nourinsuisan/nosose/byobo/boujosidou/byougaityuukannrennjouhou/byougaityuukannrenn-top.html,1,https://www.pref.ibaraki.jp/nourinsuisan/nosose/byobo/boujosidou/byougaityuukannrennjouhou/documents/20_suitouikubyou_byougaityuu.pdf,水稲育苗中に発生する病害等の対策について（PDF：89キロバイト）,20_suitouikubyou_byougaityuu.pdf,
茨城県,https://www.pref.ibaraki.jp/nourinsuisan/nosose/byobo/boujosidou/byougaityuukannrennjouhou/byougaityuukannrenn-top.html,1,https://www.pref.ibaraki.jp/nourinsuisan/nosose/byobo/boujosidou/byougaityuukannrennjouhou/documents/21_tabakokonajirami.pdf,施設野菜におけるタバココナジラミの防除対策について（PDF：104キロバイト）,21_tabakokonajirami.pdf,
茨城県,https://www.pref.ibaraki.jp/nourinsuisan/nosose/byobo/boujosidou/byougaityuukannrennjouhou/byougaityuukannrenn-top.html,1,https://www.pref.ibaraki.jp/nourinsuisan/nosose/byobo/boujosidou/byougaityuukannrennjouhou/documents/22_nashikaigaramusi.pdf,ナシを加害するカイガラムシ類の休眠期における防除対策について（PDF：377キロバイト）,22_nashikaigaramusi.pdf,
茨城県,https://www.pref.ibaraki.jp/nourinsuisan/nosose/byobo/boujosidou/byougaityuukannrennjouhou/byougaityuukannrenn-top.html,1,https://www.pref.ibaraki.jp/nourinsuisan/nosose/byobo/boujosidou/byougaityuukannrennjouhou/documents/23_suitousyushidensen.pdf,水稲種子伝染性病害虫の防除対策について（PDF：128キロバイト）,23_suitousyushidensen.pdf,
茨城県,https://www.pref.ibaraki.jp/nourinsuisan/nosose/byobo/boujosidou/byougaityuukannrennjouhou/byougaityuukannrenn-top.html,1,https://www.pref.ibaraki.jp/nourinsuisan/nosose/byobo/boujosidou/byougaityuukannrennjouhou/documents/24_jyagaimosisutosentyuu.pdf,ジャガイモシストセンチュウのまん延防止について（PDF：791キロバイト）,24_jyagaimosisutosentyuu.pdf,
茨城県,https://www.pref.ibaraki.jp/nourinsuisan/nosose/byobo/boujosidou/byougaityuukannrennjouhou/report-r04.html,1,https://www.pref.ibaraki.jp/nourinsuisan/nosose/byobo/boujosidou/byougaityuukannrennjouhou/documents/yr0708_nashihimeshinkuiboujyotekiki.pdf,ナシヒメシンクイの防除適期の予測（PDF：119キロバイト）,yr0708_nashihimeshinkuiboujyotekiki.pdf,
茨城県,https://www.pref.ibaraki.jp/nourinsuisan/nosose/byobo/boujosidou/byougaityuukannrennjouhou/report-r04.html,1,https://www.pref.ibaraki.jp/nourinsuisan/nosose/byobo/boujosidou/byougaityuukannrennjouhou/documents/yr0707_nasihimesinnkuiboujotekiki.pdf,ナシヒメシンクイの防除適期の予測（PDF：46キロバイト）,yr0707_nasihimesinnkuiboujotekiki.pdf,
茨城県,https://www.pref.ibaraki.jp/nourinsuisan/nosose/byobo/boujosidou/byougaityuukannrennjouhou/report-r04.html,1,https://www.pref.ibaraki.jp/nourinsuisan/nosose/byobo/boujosidou/byougaityuukannrennjouhou/documents/yr0707_blastam.pdf,BLASTAMによる葉いもちの感染好適条件の状況について（PDF：63キロバイト）,yr0707_blastam.pdf,
茨城県,https://www.pref.ibaraki.jp/nourinsuisan/nosose/byobo/boujosidou/byougaityuukannrennjouhou/report-r04.html,1,https://www.pref.ibaraki.jp/nourinsuisan/nosose/byobo/boujosidou/byougaityuukannrennjouhou/documents/yr0706_mugiakakabibyou.pdf,コムギ赤かび病の発生に注意!適期収穫に努めましょう。（PDF：67キロバイト）,yr0706_mugiakakabibyou.pdf,
茨城県,https://www.pref.ibaraki.jp/nourinsuisan/nosose/byobo/boujosidou/byougaityuukannrennjouhou/report-r04.html,1,https://www.pref.ibaraki.jp/nourinsuisan/nosose/byobo/boujosidou/byougaityuukannrennjouhou/documents/yr0706_nasihimesinnkuiboujotekiki.pdf,ナシヒメシンクイの防除適期の予測（PDF：44キロバイト）,yr0706_nasihimesinnkuiboujotekiki.pdf,
茨城県,https://www.pref.ibaraki.jp/nourinsuisan/nosose/byobo/boujosidou/byougaityuukannrennjouhou/report-r04.html,1,https://www.pref.ibaraki.jp/nourinsuisan/nosose/byobo/boujosidou/byougaityuukannrennjouhou/documents/yr0706_inesimahagarebyoubaujotekiki.pdf,イネ縞葉枯ウイルス保毒虫率の高い地点が認められています。（PDF：79キロバイト）,yr0706_inesimahagarebyoubaujotekiki.pdf,
茨城県,https://www.pref.ibaraki.jp/nourinsuisan/nosose/byobo/boujosidou/byougaityuukannrennjouhou/report-r04.html,1,https://www.pref.ibaraki.jp/nourinsuisan/nosose/byobo/boujosidou/byougaityuukannrennjouhou/documents/yr0711_tomatokibagaferomonn.pdf,フェロモントラップへのトマトキバガの誘殺が4月上旬から認められています。（PDF：138キロバイト）,yr0711_tomatokibagaferomonn.pdf,
茨城県,https://www.pref.ibaraki.jp/nourinsuisan/nosose/byobo/boujosidou/byougaityuukannrennjouhou/report-r03.html,1,https://www.pref.ibaraki.jp/nourinsuisan/nosose/byobo/boujosidou/byougaityuukannrennjouhou/documents/yr0704chabaneettouryou.pdf,チャバネアオカメムシの越冬状況（令和7年2月調査）（PDF：84キロバイト）,yr0704chabaneettouryou.pdf,2025
茨城県,https://www.pref.ibaraki.jp/nourinsuisan/nosose/byobo/boujosidou/byougaityuukannrennjouhou/report-r03.html,1,https://www.pref.ibaraki.jp/nourinsuisan/nosose/byobo/boujosidou/byougaityuukannrennjouhou/documents/yr0702_suitouhanntennmai.pdf,令和6年の水稲における斑点米カメムシ類と斑点米の発生状況（PDF:68キロバイト）,yr0702_suitouhanntennmai.pdf,2024
茨城県,https://www.pref.ibaraki.jp/nourinsuisan/nosose/byobo/boujosidou/byougaityuukannrennjouhou/report-r03.html,1,https://www.pref.ibaraki.jp/nourinsuisan/nosose/byobo/boujosidou/byougaityuukannrennjouhou/documents/yr0701_sannkouboujorei.pdf,令和7年版果樹病害虫参考防除例について（PDF：165キロバイト）,yr0701_sannkouboujorei.pdf,2025
茨城県,https://www.pref.ibaraki.jp/nourinsuisan/nosose/byobo/boujosidou/byougaityuukannrennjouhou/report-r03.html,1,https://www.pref.ibaraki.jp/nourinsuisan/nosose/byobo/boujosidou/byougaityuukannrennjouhou/documents/yr0612_tomatokibagaferomonn.pdf,トマトキバガのフェロモントラップへの誘殺状況について（PDF:119キロバイト）,yr0612_tomatokibagaferomonn.pdf,
茨城県,https://www.pref.ibaraki.jp/nourinsuisan/nosose/byobo/boujosidou/byougaityuukannrennjouhou/report-r03.html,1,https://www.pref.ibaraki.jp/nourinsuisan/nosose/byobo/boujosidou/byougaityuukannrennjouhou/documents/yr0612_daizushijitsuhigai.pdf,令和6年産大豆子実の主要病害虫による被害状況について（PDF：175キロバイト）,yr0612_daizushijitsuhigai.pdf,2024
茨城県,https://www.pref.ibaraki.jp/nourinsuisan/nosose/byobo/boujosidou/byougaityuukannrennjouhou/report-r03.html,1,https://www.pref.ibaraki.jp/nourinsuisan/nosose/byobo/boujosidou/byougaityuukannrennjouhou/documents/yr0611_kajukamemushihasseikeika.pdf,令和6年の果樹におけるカメムシ類の発生経過（PDF：139キロバイト）,yr0611_kajukamemushihasseikeika.pdf,2024
茨城県,https://www.pref.ibaraki.jp/nourinsuisan/nosose/byobo/boujosidou/byougaityuukannrennjouhou/report-r03.html,1,https://www.pref.ibaraki.jp/nourinsuisan/nosose/byobo/boujosidou/byougaityuukannrennjouhou/documents/yr0611_nashikurohoshiakibyouhann.pdf,ナシ黒星病（秋型病斑）の発生が見られます。秋季防除・落葉処理を徹底しましょう！（PDF:214キロバイト）,yr0611_nashikurohoshiakibyouhann.pdf,
茨城県,https://www.pref.ibaraki.jp/nourinsuisan/nosose/byobo/boujosidou/byougaityuukannrennjouhou/report-r03.html,1,https://www.pref.ibaraki.jp/nourinsuisan/nosose/byobo/boujosidou/byougaityuukannrennjouhou/documents/yr0611_hikobaeineshimahagare.pdf,ひこばえ（再生稲）におけるイネ縞葉枯病の発生状況と防除対策（PDF：203キロバイト）,yr0611_hikobaeineshimahagare.pdf,
茨城県,https://www.pref.ibaraki.jp/nourinsuisan/nosose/byobo/boujosidou/byougaityuukannrennjouhou/report-r03.html,1,https://www.pref.ibaraki.jp/nourinsuisan/nosose/byobo/boujosidou/byougaityuukannrennjouhou/documents/yr0611_tomatokibagaferomonn.pdf,フェロモントラップへのトマトキバガの誘殺数が昨年より多く認められています（PDF：173キロバイト）,yr0611_tomatokibagaferomonn.pdf,
茨城県,https://www.pref.ibaraki.jp/nourinsuisan/nosose/byobo/boujosidou/byougaityuukannrennjouhou/report-r03.html,1,https://www.pref.ibaraki.jp/nourinsuisan/nosose/byobo/boujosidou/byougaityuukannrennjouhou/documents/suitousyuyoubyougaityuu.pdf,令和6年の水稲における主要病害虫の発生経過と次作に向けた対応（PDF：199キロバイト）,suitousyuyoubyougaityuu.pdf,2024
茨城県,https://www.pref.ibaraki.jp/nourinsuisan/nosose/byobo/boujosidou/byougaityuukannrennjouhou/report-r03.html,1,https://www.pref.ibaraki.jp/nourinsuisan/nosose/byobo/boujosidou/byougaityuukannrennjouhou/documents/yr0608_nashihimesinnkuiboujotekiki.pdf,ナシヒメシンクイの防除適期の予測（PDF：71キロバイト）,yr0608_nashihimesinnkuiboujotekiki.pdf,
茨城県,https://www.pref.ibaraki.jp/nourinsuisan/nosose/byobo/boujosidou/byougaityuukannrennjouhou/report-r03.html,1,https://www.pref.ibaraki.jp/nourinsuisan/nosose/byobo/boujosidou/byougaityuukannrennjouhou/documents/yr0607_nasihimesinnkuiboujotekiki.pdf,ナシヒメシンクイの防除適期の予測（PDF：67キロバイト）,yr0607_nasihimesinnkuiboujotekiki.pdf,
茨城県,https://www.pref.ibaraki.jp/nourinsuisan/nosose/byobo/boujosidou/byougaityuukannrennjouhou/report-r03.html,1,https://www.pref.ibaraki.jp/nourinsuisan/nosose/byobo/boujosidou/byougaityuukannrennjouhou/documents/yr0607_kumoherikamemusi.pdf,クモヘリカメムシの産卵開始時期の予測（PDF：43キロバイト））,yr0607_kumoherikamemusi.pdf,
茨城県,https://www.pref.ibaraki.jp/nourinsuisan/nosose/byobo/boujosidou/byougaityuukannrennjouhou/report-r03.html,1,https://www.pref.ibaraki.jp/nourinsuisan/nosose/byobo/boujosidou/byougaityuukannrennjouhou/documents/yr0607_blastam.pdf,BLASTAMによる葉いもちの感染好適条件状況について（PDF：62キロバイト）,yr0607_blastam.pdf,
茨城県,https://www.pref.ibaraki.jp/nourinsuisan/nosose/byobo/boujosidou/byougaityuukannrennjouhou/report-r03.html,1,https://www.pref.ibaraki.jp/nourinsuisan/nosose/byobo/boujosidou/byougaityuukannrennjouhou/documents/yr0606_komugiakakabibyou.pdf,コムギ赤かび病の発生状況と今後の対策について（PDF：75キロバイト）,yr0606_komugiakakabibyou.pdf,
茨城県,https://www.pref.ibaraki.jp/nourinsuisan/nosose/byobo/boujosidou/byougaityuukannrennjouhou/report-r03.html,1,https://www.pref.ibaraki.jp/nourinsuisan/nosose/byobo/boujosidou/byougaityuukannrennjouhou/documents/yr0606_nasihimesinnkuiboujotekiki.pdf,ナシヒメシンクイの防除適期の予測（PDF：57キロバイト）,yr0606_nasihimesinnkuiboujotekiki.pdf,
茨城県,https://www.pref.ibaraki.jp/nourinsuisan/nosose/byobo/boujosidou/byougaityuukannrennjouhou/report-r03.html,1,https://www.pref.ibaraki.jp/nourinsuisan/nosose/byobo/boujosidou/byougaityuukannrennjouhou/documents/yr0606_himetobiunkahodokutyuuritu.pdf,小麦におけるヒメトビウンカのイネ縞葉枯ウイルス保毒虫率について（PDF：78キロバイト）,yr0606_himetobiunkahodokutyuuritu.pdf,
茨城県,https://www.pref.ibaraki.jp/nourinsuisan/nosose/byobo/boujosidou/byougaityuukannrennjouhou/report-r03.html,1,https://www.pref.ibaraki.jp/nourinsuisan/nosose/byobo/boujosidou/byougaityuukannrennjouhou/documents/yr0606_inesimahagarebyoubaujotekiki.pdf,イネ縞葉枯病（ヒメトビウンカ）の防除適期の予測（PDF：61キロバイト）,yr0606_inesimahagarebyoubaujotekiki.pdf,
茨城県,https://www.pref.ibaraki.jp/bugai/koho/kenmin/info/index.html,1,https://www.pref.ibaraki.jp/bugai/koho/kenmin/info/documents/r7fcschrdule.pdf,2階広報コーナー展示スケジュール（PDF：360KB）,r7fcschrdule.pdf,
茨城県,https://www.pref.ibaraki.jp/bugai/koho/kenmin/info/index.html,1,https://www.pref.ibaraki.jp/bugai/koho/kenmin/info/documents/r70401kakukai.pdf,県庁舎内各課配置のご案内（PDF：182KB）,r70401kakukai.pdf,
茨城県,https://www.pref.ibaraki.jp/bugai/koho/kenmin/info/index.html,1,https://www.pref.ibaraki.jp/bugai/koho/kenmin/info/documents/dialinr7.pdf,茨城県庁舎ダイヤルイン番号簿（PDF：210KB）,dialinr7.pdf,
茨城県,https://www.pref.ibaraki.jp/bugai/koho/kenmin/info/index.html,1,https://www.pref.ibaraki.jp/bugai/koho/kenmin/info/documents/r70508insyokuten.pdf,県庁舎内店舗のご案内（PDF：358KB）,r70508insyokuten.pdf,
茨城県,https://www.pref.ibaraki.jp/bugai/koho/kenmin/misc/shitepolicy.html,1,https://www.pref.ibaraki.jp/bugai/koho/kenmin/misc/documents/20170908_guideline.pdf,"茨城県ウェブアクセシビリティガイドライン（改訂版）（PDF：1,643KB）",20170908_guideline.pdf,2017
茨城県,https://www.pref.ibaraki.jp/seikatsukankyo/bousaikiki/bousai/bousaitaisaku/hinantaisakukyouka.html,2,https://www.pref.ibaraki.jp/seikatsukankyo/bousaikiki/bousai/bousaitaisaku/documents/20250307shientaisei2.pdf,地域の関係者による支援体制を整備した市町村（地図版）（PDF：907KB）,20250307shientaisei2.pdf,2025
茨城県,https://www.pref.ibaraki.jp/seikatsukankyo/bousaikiki/bousai/bousaitaisaku/hinantaisakukyouka.html,2,https://www.pref.ibaraki.jp/seikatsukankyo/bousaikiki/bousai/bousaitaisaku/documents/kogashimytimelineyuryo.pdf,古河市（PDF：623KB）,kogashimytimelineyuryo.pdf,
茨城県,https://www.pref.ibaraki.jp/seikatsukankyo/bousaikiki/bousai/bousaitaisaku/hinantaisakukyouka.html,2,https://www.pref.ibaraki.jp/seikatsukankyo/bousaikiki/bousai/bousaitaisaku/documents/ibaraki_naisuitaisaku.pdf,市町村における内水氾濫の恐れのある地区での対策実施状況（PDF：418KB）,ibaraki_naisuitaisaku.pdf,
茨城県,https://www.pref.ibaraki.jp/somu/zeimu/kikaku/kifukin/,2,https://www.pref.ibaraki.jp/somu/zeimu/kikaku/kifukin/documents/r6shiteitsuuchi.pdf,ふるさと納税の対象となる地方団体の指定（総務大臣通知：指定対象期間_令和6年10月1日から令和7年9月30日まで）（PDF：47KB）,r6shiteitsuuchi.pdf,2025|2024
茨城県,https://www.pref.ibaraki.jp/somu/zeimu/kikaku/kifukin/,2,https://www.pref.ibaraki.jp/somu/zeimu/kikaku/kifukin/documents/r5_achievements.pdf,令和5年度ふるさと納税実績（PDF：259KB）,r5_achievements.pdf,2023
茨城県,https://www.pref.ibaraki.jp/hokenfukushi/iryo/iryo/isei/sentei_ryoyohi.html,2,https://www.pref.ibaraki.jp/hokenfukushi/iryo/iryo/isei/documents/kenshoukekka2503-2505.pdf,"救急搬送における選定療養費の徴収に関する検証の結果（2025年3月～5月）を公表しました。（2025/6/26）（PDF：1,045KB）",kenshoukekka2503-2505.pdf,2025
茨城県,https://www.pref.ibaraki.jp/hokenfukushi/iryo/iryo/isei/sentei_ryoyohi.html,2,https://www.pref.ibaraki.jp/hokenfukushi/iryo/iryo/isei/documents/kenshoukekka2412-2502aa.pdf,"救急搬送における選定療養費の徴収に関する検証の結果（2024年12月～2025年2月）はこちら（2025/3/27）（PDF：1,154KB）",kenshoukekka2412-2502aa.pdf,2025|2024
茨城県,https://www.pref.ibaraki.jp/hokenfukushi/iryo/iryo/isei/sentei_ryoyohi.html,2,https://www.pref.ibaraki.jp/hokenfukushi/iryo/iryo/isei/documents/leaflet2_1.pdf,リーフレット（第2版）ダウンロード（PDF：615KB）,leaflet2_1.pdf,
茨城県,https://www.pref.ibaraki.jp/hokenfukushi/iryo/iryo/isei/sentei_ryoyohi.html,2,https://www.pref.ibaraki.jp/hokenfukushi/iryo/iryo/isei/documents/poster_english4.pdf,英語版ポスター（第1版）ダウンロード English Poster（PDF：235KB）,poster_english4.pdf,
茨城県,https://www.pref.ibaraki.jp/hokenfukushi/iryo/iryo/isei/sentei_ryoyohi.html,2,https://www.pref.ibaraki.jp/hokenfukushi/iryo/iryo/isei/documents/poster_vietnamese.pdf,ベトナム語版ポスター（第1版）Vietnamese（PDF：383KB）,poster_vietnamese.pdf,
茨城県,https://www.pref.ibaraki.jp/hokenfukushi/iryo/iryo/isei/sentei_ryoyohi.html,2,https://www.pref.ibaraki.jp/hokenfukushi/iryo/iryo/isei/documents/poster_chinese.pdf,中国語版ポスター（第1版）Chinese（PDF：191KB）,poster_chinese.pdf,
茨城県,https://www.pref.ibaraki.jp/hokenfukushi/iryo/iryo/isei/sentei_ryoyohi.html,2,https://www.pref.ibaraki.jp/hokenfukushi/iryo/iryo/isei/documents/poster_tagalog.pdf,タガログ語版ポスター（第1版）Tagalog（PDF：304KB）,poster_tagalog.pdf,
茨城県,https://www.pref.ibaraki.jp/hokenfukushi/iryo/iryo/isei/sentei_ryoyohi.html,2,https://www.pref.ibaraki.jp/hokenfukushi/iryo/iryo/isei/documents/poster_indonesian.pdf,インドネシア語版ポスター（第1版）Indonesian（PDF：291KB）,poster_indonesian.pdf,
茨城県,https://www.pref.ibaraki.jp/hokenfukushi/iryo/iryo/isei/sentei_ryoyohi.html,2,https://www.pref.ibaraki.jp/hokenfukushi/iryo/iryo/isei/documents/poster_portuguese.pdf,ポルトガル語版ポスター（第1版）Portuguese（PDF：273KB）,poster_portuguese.pdf,
茨城県,https://www.pref.ibaraki.jp/hokenfukushi/iryo/iryo/isei/sentei_ryoyohi.html,2,https://www.pref.ibaraki.jp/hokenfukushi/iryo/iryo/isei/documents/poster_thai.pdf,タイ語版ポスター（第1版）Thai（PDF：497KB）,poster_thai.pdf,
茨城県,https://www.pref.ibaraki.jp/hokenfukushi/iryo/iryo/isei/sentei_ryoyohi.html,2,https://www.pref.ibaraki.jp/hokenfukushi/iryo/iryo/isei/documents/poster_korean.pdf,韓国語版ポスター（第1版）Korean（PDF：260KB）,poster_korean.pdf,
茨城県,https://www.pref.ibaraki.jp/hokenfukushi/iryo/iryo/isei/sentei_ryoyohi.html,2,https://www.pref.ibaraki.jp/hokenfukushi/iryo/iryo/isei/documents/poster_spanish.pdf,スペイン語版ポスター（第1版）Spanish（PDF：228KB）,poster_spanish.pdf,
茨城県,https://www.pref.ibaraki.jp/seikatsukankyo/shizen/chojyuhogo/shibo.html,2,https://www.pref.ibaraki.jp/seikatsukankyo/shizen/chojyuhogo/documents/kennsayuusennsyu2023.pdf,"［参考］検査優先種の写真と特徴等（PDF：3,559KB）",kennsayuusennsyu2023.pdf,2023
茨城県,https://www.pref.ibaraki.jp/seikatsukankyo/shizen/chojyuhogo/shibo.html,2,https://www.pref.ibaraki.jp/seikatsukankyo/shizen/chojyuhogo/documents/kokuminnnominasamahe.pdf,「国民の皆様へ（鳥インフルエンザについて）」（PDF：88KB）,kokuminnnominasamahe.pdf,
茨城県,https://www.pref.ibaraki.jp/seikatsukankyo/shizen/chojyuhogo/shibo.html,2,https://www.pref.ibaraki.jp/seikatsukankyo/shizen/chojyuhogo/documents/yacyoutonosesshikatanituite.pdf,「野鳥との接し方について」（PDF：39KB）,yacyoutonosesshikatanituite.pdf,
茨城県,https://www.pref.ibaraki.jp/seikatsukankyo/shizen/chojyuhogo/shibo.html,2,https://www.pref.ibaraki.jp/seikatsukankyo/shizen/chojyuhogo/documents/shiboushitayacyouwomituketara.pdf,「死亡した野鳥を見つけたら」（PDF：429KB）,shiboushitayacyouwomituketara.pdf,
茨城県,https://www.pref.ibaraki.jp/kikaku/kikaku/seisaku/kikaku1-sogo/index.html,2,https://www.pref.ibaraki.jp/kikaku/kikaku/seisaku/kikaku1-sogo/documents/syuyousihyou_zissekiitirann_2025_7.pdf,主要指標等実績一覧（2025.7時点）（PDF：130KB）,syuyousihyou_zissekiitirann_2025_7.pdf,2025
茨城県,https://www.pref.ibaraki.jp/kikaku/kikaku/seisaku/kikaku1-sogo/index.html,2,https://www.pref.ibaraki.jp/kikaku/kikaku/seisaku/kikaku1-sogo/documents/soukeisinn_zyourei.pdf,茨城県総合計画審議会条例（PDF：58KB）,soukeisinn_zyourei.pdf,
茨城県,https://www.pref.ibaraki.jp/kikaku/kikaku/seisaku/kikaku1-sogo/index.html,2,https://www.pref.ibaraki.jp/kikaku/kikaku/seisaku/kikaku1-sogo/documents/soukeisinn_meibo_250404.pdf,茨城県総合計画審議会委員名簿（2025年4月1日～2027年3月31日）（PDF：132KB）,soukeisinn_meibo_250404.pdf,2025
茨城県,https://www.pref.ibaraki.jp/kikaku/kikaku/seisaku/kikaku1-sogo/index.html,2,https://www.pref.ibaraki.jp/kikaku/kikaku/seisaku/kikaku1-sogo/documents/kennseimap_2022_4_keiryou.pdf,"県勢マップ（令和4年4月現在）（PDF：6,483KB）",kennseimap_2022_4_keiryou.pdf,2022
茨城県,https://www.pref.ibaraki.jp/bugai/koho/hodo/press/19press/p250807.html,2,https://www.pref.ibaraki.jp/bugai/koho/hodo/press/19press/documents/250807ibr1.pdf,配布資料（PDF：374KB）,250807ibr1.pdf,
茨城県,https://www.pref.ibaraki.jp/shokorodo/chusho/shogyo/daiten/todokedejokyo.html,2,https://www.pref.ibaraki.jp/shokorodo/chusho/shogyo/daiten/documents/20250630kasyou-souwafassyonnmo-ru1-todokedesyo.pdf,届出書（PDF：342KB）,20250630kasyou-souwafassyonnmo-ru1-todokedesyo.pdf,2025
茨城県,https://www.pref.ibaraki.jp/shokorodo/chusho/shogyo/daiten/todokedejokyo.html,2,https://www.pref.ibaraki.jp/shokorodo/chusho/shogyo/daiten/documents/20250630kasyousouwafassyonnmo-ru2-tennpusyorui.pdf,"添付書類（PDF：2,420KB）",20250630kasyousouwafassyonnmo-ru2-tennpusyorui.pdf,2025
茨城県,https://www.pref.ibaraki.jp/shokorodo/chusho/shogyo/daiten/todokedejokyo.html,2,https://www.pref.ibaraki.jp/shokorodo/chusho/shogyo/daiten/documents/20250630kasyousouwafassyonnmo-ru3-zumenn.pdf,"図面（PDF：4,768KB）",20250630kasyousouwafassyonnmo-ru3-zumenn.pdf,2025
茨城県,https://www.pref.ibaraki.jp/shokorodo/chusho/shogyo/daiten/todokedejokyo.html,2,https://www.pref.ibaraki.jp/shokorodo/chusho/shogyo/daiten/documents/20250630kasyousouwafassyonnmo-ru5-4-koutuusiryou.pdf,"交通資料（PDF：4,081KB）",20250630kasyousouwafassyonnmo-ru5-4-koutuusiryou.pdf,2025
茨城県,https://www.pref.ibaraki.jp/shokorodo/chusho/shogyo/daiten/todokedejokyo.html,2,https://www.pref.ibaraki.jp/shokorodo/chusho/shogyo/daiten/documents/20250630kasyousouwafassyonnmo-ru5-5-souonnsiryou.pdf,"騒音資料（PDF：6,433KB）",20250630kasyousouwafassyonnmo-ru5-5-souonnsiryou.pdf,2025
茨城県,https://www.pref.ibaraki.jp/shokorodo/chusho/shogyo/daiten/todokedejokyo.html,2,https://www.pref.ibaraki.jp/shokorodo/chusho/shogyo/daiten/documents/1-todokedesyo_4.pdf,届出書（PDF：319KB）,1-todokedesyo_4.pdf,
茨城県,https://www.pref.ibaraki.jp/shokorodo/chusho/shogyo/daiten/todokedejokyo.html,2,https://www.pref.ibaraki.jp/shokorodo/chusho/shogyo/daiten/documents/2-tennpusyorui_3.pdf,添付書類（PDF：390KB）,2-tennpusyorui_3.pdf,
茨城県,https://www.pref.ibaraki.jp/shokorodo/chusho/shogyo/daiten/todokedejokyo.html,2,https://www.pref.ibaraki.jp/shokorodo/chusho/shogyo/daiten/documents/3-zumen_4.pdf,"図面（PDF：2,191KB）",3-zumen_4.pdf,
茨城県,https://www.pref.ibaraki.jp/shokorodo/chusho/shogyo/daiten/todokedejokyo.html,2,https://www.pref.ibaraki.jp/shokorodo/chusho/shogyo/daiten/documents/4-koutuusiryou_3.pdf,"交通資料（PDF：2,536KB）",4-koutuusiryou_3.pdf,
茨城県,https://www.pref.ibaraki.jp/shokorodo/chusho/shogyo/daiten/todokedejokyo.html,2,https://www.pref.ibaraki.jp/shokorodo/chusho/shogyo/daiten/documents/5-souonnsiryou_4.pdf,"騒音資料（PDF：1,997KB）",5-souonnsiryou_4.pdf,
茨城県,https://www.pref.ibaraki.jp/shokorodo/chusho/shogyo/daiten/todokedejokyo.html,2,https://www.pref.ibaraki.jp/shokorodo/chusho/shogyo/daiten/documents/1-todokedesyo_3.pdf,届出書（PDF：276KB）,1-todokedesyo_3.pdf,
茨城県,https://www.pref.ibaraki.jp/shokorodo/chusho/shogyo/daiten/todokedejokyo.html,2,https://www.pref.ibaraki.jp/shokorodo/chusho/shogyo/daiten/documents/2-tennpusyorui_2.pdf,添付書類（PDF：429KB）,2-tennpusyorui_2.pdf,
茨城県,https://www.pref.ibaraki.jp/shokorodo/chusho/shogyo/daiten/todokedejokyo.html,2,https://www.pref.ibaraki.jp/shokorodo/chusho/shogyo/daiten/documents/3-zumenn_3.pdf,"図面（PDF：2,684KB）",3-zumenn_3.pdf,
茨城県,https://www.pref.ibaraki.jp/shokorodo/chusho/shogyo/daiten/todokedejokyo.html,2,https://www.pref.ibaraki.jp/shokorodo/chusho/shogyo/daiten/documents/4-koutuusiryou_2.pdf,"交通資料（PDF：1,855KB）",4-koutuusiryou_2.pdf,
茨城県,https://www.pref.ibaraki.jp/shokorodo/chusho/shogyo/daiten/todokedejokyo.html,2,https://www.pref.ibaraki.jp/shokorodo/chusho/shogyo/daiten/documents/5-souonnsiryou_3.pdf,"騒音資料（PDF：2,379KB）",5-souonnsiryou_3.pdf,
茨城県,https://www.pref.ibaraki.jp/shokorodo/chusho/shogyo/daiten/todokedejokyo.html,2,https://www.pref.ibaraki.jp/shokorodo/chusho/shogyo/daiten/documents/1-todokedesyo_2.pdf,届出書（PDF：285KB）,1-todokedesyo_2.pdf,
茨城県,https://www.pref.ibaraki.jp/shokorodo/chusho/shogyo/daiten/todokedejokyo.html,2,https://www.pref.ibaraki.jp/shokorodo/chusho/shogyo/daiten/documents/2-tennpusyorui_1.pdf,添付書類（PDF：393KB）,2-tennpusyorui_1.pdf,
茨城県,https://www.pref.ibaraki.jp/shokorodo/chusho/shogyo/daiten/todokedejokyo.html,2,https://www.pref.ibaraki.jp/shokorodo/chusho/shogyo/daiten/documents/3-zumenn_2.pdf,"図面（PDF：2,401KB）",3-zumenn_2.pdf,
茨城県,https://www.pref.ibaraki.jp/shokorodo/chusho/shogyo/daiten/todokedejokyo.html,2,https://www.pref.ibaraki.jp/shokorodo/chusho/shogyo/daiten/documents/4-koutuusiryou_1.pdf,"交通資料（PDF：1,911KB）",4-koutuusiryou_1.pdf,
茨城県,https://www.pref.ibaraki.jp/shokorodo/chusho/shogyo/daiten/todokedejokyo.html,2,https://www.pref.ibaraki.jp/shokorodo/chusho/shogyo/daiten/documents/5-souonnsiryou_2.pdf,"騒音資料（PDF：2,419KB）",5-souonnsiryou_2.pdf,
茨城県,https://www.pref.ibaraki.jp/shokorodo/chusho/shogyo/daiten/todokedejokyo.html,2,https://www.pref.ibaraki.jp/shokorodo/chusho/shogyo/daiten/documents/1-todokedesyo_1.pdf,届出書（PDF：967KB）,1-todokedesyo_1.pdf,
茨城県,https://www.pref.ibaraki.jp/shokorodo/chusho/shogyo/daiten/todokedejokyo.html,2,https://www.pref.ibaraki.jp/shokorodo/chusho/shogyo/daiten/documents/2-tennpusyorui_4_1.pdf,添付書類（PDF：317KB）,2-tennpusyorui_4_1.pdf,
茨城県,https://www.pref.ibaraki.jp/shokorodo/chusho/shogyo/daiten/todokedejokyo.html,2,https://www.pref.ibaraki.jp/shokorodo/chusho/shogyo/daiten/documents/3-zumenn_1.pdf,"図面（PDF：1,930KB）",3-zumenn_1.pdf,
茨城県,https://www.pref.ibaraki.jp/shokorodo/chusho/shogyo/daiten/todokedejokyo.html,2,https://www.pref.ibaraki.jp/shokorodo/chusho/shogyo/daiten/documents/4-koutuusiryou_4.pdf,"交通資料（PDF：2,583KB）",4-koutuusiryou_4.pdf,
茨城県,https://www.pref.ibaraki.jp/shokorodo/chusho/shogyo/daiten/todokedejokyo.html,2,https://www.pref.ibaraki.jp/shokorodo/chusho/shogyo/daiten/documents/5-souonnsiryou_1.pdf,"騒音資料（PDF：3,669KB）",5-souonnsiryou_1.pdf,
茨城県,https://www.pref.ibaraki.jp/shokorodo/chusho/shogyo/daiten/todokedejokyo.html,2,https://www.pref.ibaraki.jp/shokorodo/chusho/shogyo/daiten/documents/20250526-1-todokedesyo.pdf,届出書（PDF：298KB）,20250526-1-todokedesyo.pdf,2025
茨城県,https://www.pref.ibaraki.jp/shokorodo/chusho/shogyo/daiten/todokedejokyo.html,2,https://www.pref.ibaraki.jp/shokorodo/chusho/shogyo/daiten/documents/20250526-2-tennpusyorui.pdf,添付書類（PDF：388KB）,20250526-2-tennpusyorui.pdf,2025
茨城県,https://www.pref.ibaraki.jp/shokorodo/chusho/shogyo/daiten/todokedejokyo.html,2,https://www.pref.ibaraki.jp/shokorodo/chusho/shogyo/daiten/documents/20250526-3-zumenn.pdf,"図面（PDF：5,329KB）",20250526-3-zumenn.pdf,2025
茨城県,https://www.pref.ibaraki.jp/shokorodo/chusho/shogyo/daiten/todokedejokyo.html,2,https://www.pref.ibaraki.jp/shokorodo/chusho/shogyo/daiten/documents/20250512doraggukosumosunakahara5-4-koutuusiryou.pdf,"交通資料（PDF：2,359KB）",20250512doraggukosumosunakahara5-4-koutuusiryou.pdf,2025
茨城県,https://www.pref.ibaraki.jp/shokorodo/chusho/shogyo/daiten/todokedejokyo.html,2,https://www.pref.ibaraki.jp/shokorodo/chusho/shogyo/daiten/documents/20250512doraggukosumosunakahara5-5-souonnsiryou.pdf,"騒音資料（PDF：1,076KB）",20250512doraggukosumosunakahara5-5-souonnsiryou.pdf,2025
茨城県,https://www.pref.ibaraki.jp/shokorodo/chusho/shogyo/daiten/todokedejokyo.html,2,https://www.pref.ibaraki.jp/shokorodo/chusho/shogyo/daiten/documents/20250428-doraggukosumosutukubatakayamaten.pdf,ドラッグコスモスつくば高山店（PDF：125KB）,20250428-doraggukosumosutukubatakayamaten.pdf,2025
茨城県,https://www.pref.ibaraki.jp/shokorodo/chusho/shogyo/daiten/todokedejokyo.html,2,https://www.pref.ibaraki.jp/shokorodo/chusho/shogyo/daiten/documents/20250421doraggukousumosuhitatinousikuten.pdf,ドラッグコスモスひたち野うしく店（PDF：124KB）,20250421doraggukousumosuhitatinousikuten.pdf,2025
茨城県,https://www.pref.ibaraki.jp/shokorodo/chusho/shogyo/daiten/todokedejokyo.html,2,https://www.pref.ibaraki.jp/shokorodo/chusho/shogyo/daiten/documents/20250421yakuoudouibarakiyatiyoten.pdf,薬王堂茨城八千代店（PDF：117KB）,20250421yakuoudouibarakiyatiyoten.pdf,2025
茨城県,https://www.pref.ibaraki.jp/shokorodo/chusho/shogyo/daiten/todokedejokyo.html,2,https://www.pref.ibaraki.jp/shokorodo/chusho/shogyo/daiten/documents/20250630akurosupurazahitatino2-1-todokedesyo.pdf,届出書（PDF：190KB）,20250630akurosupurazahitatino2-1-todokedesyo.pdf,2025
茨城県,https://www.pref.ibaraki.jp/shokorodo/chusho/shogyo/daiten/todokedejokyo.html,2,https://www.pref.ibaraki.jp/shokorodo/chusho/shogyo/daiten/documents/20250630akurosupurazahitatino2-2-tennpusyorui.pdf,添付書類（PDF：302KB）,20250630akurosupurazahitatino2-2-tennpusyorui.pdf,2025
茨城県,https://www.pref.ibaraki.jp/shokorodo/chusho/shogyo/daiten/todokedejokyo.html,2,https://www.pref.ibaraki.jp/shokorodo/chusho/shogyo/daiten/documents/20250630akurosupurazahitatino2-3-zumenn.pdf,"図面（PDF：3,589KB）",20250630akurosupurazahitatino2-3-zumenn.pdf,2025
茨城県,https://www.pref.ibaraki.jp/shokorodo/chusho/shogyo/daiten/todokedejokyo.html,2,https://www.pref.ibaraki.jp/shokorodo/chusho/shogyo/daiten/documents/20250630akurosupurazahitatino2-4-souoonnsiryou.pdf,"騒音資料（PDF：1,680KB）",20250630akurosupurazahitatino2-4-souoonnsiryou.pdf,2025
茨城県,https://www.pref.ibaraki.jp/shokorodo/chusho/shogyo/daiten/todokedejokyo.html,2,https://www.pref.ibaraki.jp/shokorodo/chusho/shogyo/daiten/documents/20250623rinnkusukuea2-1-todokedesyo.pdf,届出書（PDF：358KB）,20250623rinnkusukuea2-1-todokedesyo.pdf,2025
茨城県,https://www.pref.ibaraki.jp/shokorodo/chusho/shogyo/daiten/todokedejokyo.html,2,https://www.pref.ibaraki.jp/shokorodo/chusho/shogyo/daiten/documents/20250623rinnkusukuea2-2-tennpusyorui.pdf,添付書類（PDF：269KB）,20250623rinnkusukuea2-2-tennpusyorui.pdf,2025
茨城県,https://www.pref.ibaraki.jp/shokorodo/chusho/shogyo/daiten/todokedejokyo.html,2,https://www.pref.ibaraki.jp/shokorodo/chusho/shogyo/daiten/documents/20250623rinnkusukuea2-3-zumenn.pdf,"図面（PDF：7,151KB）",20250623rinnkusukuea2-3-zumenn.pdf,2025
茨城県,https://www.pref.ibaraki.jp/shokorodo/chusho/shogyo/daiten/todokedejokyo.html,2,https://www.pref.ibaraki.jp/shokorodo/chusho/shogyo/daiten/documents/20250623rinnkusukuea2-4-souonnsiryou.pdf,"騒音資料（PDF：1,681KB）",20250623rinnkusukuea2-4-souonnsiryou.pdf,2025
茨城県,https://www.pref.ibaraki.jp/shokorodo/chusho/shogyo/daiten/todokedejokyo.html,2,https://www.pref.ibaraki.jp/shokorodo/chusho/shogyo/daiten/documents/20250501kasyou-donn-kiho-teisiokaten.pdf,（仮称）ドン・キホーテ石岡店（PDF：112KB）,20250501kasyou-donn-kiho-teisiokaten.pdf,2025
茨城県,https://www.pref.ibaraki.jp/shokorodo/chusho/shogyo/daiten/todokedejokyo.html,2,https://www.pref.ibaraki.jp/shokorodo/chusho/shogyo/daiten/documents/20250730edosakisyoppinnsennta.pdf,届出書（PDF：221KB）,20250730edosakisyoppinnsennta.pdf,2025
茨城県,https://www.pref.ibaraki.jp/shokorodo/chusho/shogyo/daiten/todokedejokyo.html,2,https://www.pref.ibaraki.jp/shokorodo/chusho/shogyo/daiten/documents/20250701yo-kubenimarusinnharaten.pdf,届出書（PDF：45KB）,20250701yo-kubenimarusinnharaten.pdf,2025
茨城県,https://www.pref.ibaraki.jp/shokorodo/chusho/shogyo/daiten/todokedejokyo.html,2,https://www.pref.ibaraki.jp/shokorodo/chusho/shogyo/daiten/documents/20250623rinnkusukuea1-1-todokedesyo.pdf,届出書（PDF：112KB）,20250623rinnkusukuea1-1-todokedesyo.pdf,2025
茨城県,https://www.pref.ibaraki.jp/shokorodo/chusho/shogyo/daiten/todokedejokyo.html,2,https://www.pref.ibaraki.jp/shokorodo/chusho/shogyo/daiten/documents/todokedesyo_21.pdf,届出書（PDF：380KB）,todokedesyo_21.pdf,
茨城県,https://www.pref.ibaraki.jp/shokorodo/chusho/shogyo/daiten/todokedejokyo.html,2,https://www.pref.ibaraki.jp/shokorodo/chusho/shogyo/daiten/documents/todokedesyo_19.pdf,届出書（PDF：48KB）,todokedesyo_19.pdf,
茨城県,https://www.pref.ibaraki.jp/shokorodo/chusho/shogyo/daiten/todokedejokyo.html,2,https://www.pref.ibaraki.jp/shokorodo/chusho/shogyo/daiten/documents/todokedesyo_18.pdf,届出書（PDF：49KB）,todokedesyo_18.pdf,
茨城県,https://www.pref.ibaraki.jp/shokorodo/chusho/shogyo/daiten/todokedejokyo.html,2,https://www.pref.ibaraki.jp/shokorodo/chusho/shogyo/daiten/documents/todokedesyo_9.pdf,届出書（PDF：54KB）,todokedesyo_9.pdf,
茨城県,https://www.pref.ibaraki.jp/shokorodo/chusho/shogyo/daiten/todokedejokyo.html,2,https://www.pref.ibaraki.jp/shokorodo/chusho/shogyo/daiten/documents/todokedesyo_2.pdf,届出書（PDF：222KB）,todokedesyo_2.pdf,
茨城県,https://www.pref.ibaraki.jp/shokorodo/chusho/shogyo/daiten/todokedejokyo.html,2,https://www.pref.ibaraki.jp/shokorodo/chusho/shogyo/daiten/documents/todokedesyo_1.pdf,"届出書（PDF：1,418KB）",todokedesyo_1.pdf,
茨城県,https://www.pref.ibaraki.jp/shokorodo/chusho/shogyo/daiten/todokedejokyo.html,2,https://www.pref.ibaraki.jp/shokorodo/chusho/shogyo/daiten/documents/20250601yamadadennki1-1todokedesyo.pdf,届出書（PDF：54KB）,20250601yamadadennki1-1todokedesyo.pdf,2025
茨城県,https://www.pref.ibaraki.jp/shokorodo/chusho/shogyo/daiten/todokedejokyo.html,2,https://www.pref.ibaraki.jp/shokorodo/chusho/shogyo/daiten/documents/20250722piasiteliisioka.pdf,意見（PDF：51KB）,20250722piasiteliisioka.pdf,2025
茨城県,https://www.pref.ibaraki.jp/shokorodo/chusho/shogyo/daiten/todokedejokyo.html,2,https://www.pref.ibaraki.jp/shokorodo/chusho/shogyo/daiten/documents/20250722yakuoudouisiokayasatoten.pdf,意見（PDF：131KB）,20250722yakuoudouisiokayasatoten.pdf,2025
茨城県,https://www.pref.ibaraki.jp/shokorodo/chusho/shogyo/daiten/todokedejokyo.html,2,https://www.pref.ibaraki.jp/shokorodo/chusho/shogyo/daiten/documents/20250714doraggukosumosutukubatakayamten_1.pdf,意見（PDF：259KB）,20250714doraggukosumosutukubatakayamten_1.pdf,2025
茨城県,https://www.pref.ibaraki.jp/shokorodo/chusho/shogyo/daiten/todokedejokyo.html,2,https://www.pref.ibaraki.jp/shokorodo/chusho/shogyo/daiten/documents/20250716doraggukosumosuryuugasakiten.pdf,意見（PDF：167KB）,20250716doraggukosumosuryuugasakiten.pdf,2025
茨城県,https://www.pref.ibaraki.jp/shokorodo/chusho/shogyo/daiten/todokedejokyo.html,2,https://www.pref.ibaraki.jp/shokorodo/chusho/shogyo/daiten/documents/20250702piasiteiarakawahonngou-todokedesyo.pdf,意見（PDF：72KB）,20250702piasiteiarakawahonngou-todokedesyo.pdf,2025
茨城県,https://www.pref.ibaraki.jp/shokorodo/chusho/shogyo/daiten/todokedejokyo.html,2,https://www.pref.ibaraki.jp/shokorodo/chusho/shogyo/daiten/documents/20250702amipuremiamuautoretto-todokedesyo.pdf,意見（PDF：72KB）,20250702amipuremiamuautoretto-todokedesyo.pdf,2025
茨城県,https://www.pref.ibaraki.jp/shokorodo/chusho/shogyo/daiten/todokedejokyo.html,2,https://www.pref.ibaraki.jp/shokorodo/chusho/shogyo/daiten/documents/20250728hujimigaokahukugoutennpo.pdf,意見（PDF：44KB）,20250728hujimigaokahukugoutennpo.pdf,2025
茨城県,https://www.pref.ibaraki.jp/shokorodo/chusho/shogyo/daiten/todokedejokyo.html,2,https://www.pref.ibaraki.jp/shokorodo/chusho/shogyo/daiten/documents/20250728beisiatamatukuriten.pdf,意見（PDF：40KB）,20250728beisiatamatukuriten.pdf,2025
茨城県,https://www.pref.ibaraki.jp/hokenfukushi/iryo/keikaku/kikin/index.html,2,https://www.pref.ibaraki.jp/hokenfukushi/iryo/keikaku/kikin/documents/r6keikaku.pdf,"令和6年度茨城県計画（PDF：2,439KB）",r6keikaku.pdf,2024
茨城県,https://www.pref.ibaraki.jp/hokenfukushi/iryo/keikaku/kikin/index.html,2,https://www.pref.ibaraki.jp/hokenfukushi/iryo/keikaku/kikin/documents/r5keikaku.pdf,令和5年度茨城県計画（PDF：261KB）,r5keikaku.pdf,2023
茨城県,https://www.pref.ibaraki.jp/hokenfukushi/iryo/keikaku/kikin/index.html,2,https://www.pref.ibaraki.jp/hokenfukushi/iryo/keikaku/kikin/documents/r4keikaku.pdf,令和4年度茨城県計画（PDF：326KB）,r4keikaku.pdf,2022
茨城県,https://www.pref.ibaraki.jp/hokenfukushi/iryo/keikaku/kikin/index.html,2,https://www.pref.ibaraki.jp/hokenfukushi/iryo/keikaku/kikin/documents/r3keikaku.pdf,令和3年度茨城県計画（PDF：335KB）,r3keikaku.pdf,2021
茨城県,https://www.pref.ibaraki.jp/hokenfukushi/iryo/keikaku/kikin/index.html,2,https://www.pref.ibaraki.jp/hokenfukushi/iryo/keikaku/kikin/documents/r2keikaku.pdf,令和2年度茨城県計画（PDF：345KB）,r2keikaku.pdf,2020
茨城県,https://www.pref.ibaraki.jp/hokenfukushi/iryo/keikaku/kikin/index.html,2,https://www.pref.ibaraki.jp/hokenfukushi/iryo/keikaku/kikin/documents/r1keikaku.pdf,令和元年度茨城県計画（PDF：324KB）,r1keikaku.pdf,
茨城県,https://www.pref.ibaraki.jp/hokenfukushi/iryo/keikaku/kikin/index.html,2,https://www.pref.ibaraki.jp/hokenfukushi/iryo/keikaku/kikin/documents/h30keikaku.pdf,平成30年度茨城県計画（PDF：417KB）,h30keikaku.pdf,2018
茨城県,https://www.pref.ibaraki.jp/hokenfukushi/iryo/keikaku/kikin/index.html,2,https://www.pref.ibaraki.jp/hokenfukushi/iryo/keikaku/kikin/documents/h29keikaku.pdf,平成29年度茨城県計画（PDF：411KB）,h29keikaku.pdf,2017
茨城県,https://www.pref.ibaraki.jp/hokenfukushi/iryo/keikaku/kikin/index.html,2,https://www.pref.ibaraki.jp/hokenfukushi/iryo/keikaku/kikin/documents/h28keikaku.pdf,平成28年度茨城県計画（PDF：376KB）,h28keikaku.pdf,2016
茨城県,https://www.pref.ibaraki.jp/hokenfukushi/iryo/keikaku/kikin/index.html,2,https://www.pref.ibaraki.jp/hokenfukushi/iryo/keikaku/kikin/documents/h27keikaku.pdf,平成27年度茨城県計画（PDF：396KB）,h27keikaku.pdf,2015
茨城県,https://www.pref.ibaraki.jp/hokenfukushi/iryo/keikaku/kikin/index.html,2,https://www.pref.ibaraki.jp/hokenfukushi/iryo/keikaku/kikin/documents/h26keikaku.pdf,平成26年度茨城県計画（PDF：611KB）,h26keikaku.pdf,2014
茨城県,https://www.pref.ibaraki.jp/hokenfukushi/iryo/keikaku/kikin/index.html,2,https://www.pref.ibaraki.jp/hokenfukushi/iryo/keikaku/kikin/documents/r5jigohyouka.pdf,令和5年度計画に関する事後評価（PDF：531KB）,r5jigohyouka.pdf,2023
茨城県,https://www.pref.ibaraki.jp/hokenfukushi/iryo/keikaku/kikin/index.html,2,https://www.pref.ibaraki.jp/hokenfukushi/iryo/keikaku/kikin/documents/r4jigohyouka.pdf,令和4年度計画に関する事後評価（PDF：112KB）,r4jigohyouka.pdf,2022
茨城県,https://www.pref.ibaraki.jp/hokenfukushi/iryo/keikaku/kikin/index.html,2,https://www.pref.ibaraki.jp/hokenfukushi/iryo/keikaku/kikin/documents/r3jigohyouka.pdf,令和3年度計画に関する事後評価（PDF：121KB）,r3jigohyouka.pdf,2021
茨城県,https://www.pref.ibaraki.jp/hokenfukushi/iryo/keikaku/kikin/index.html,2,https://www.pref.ibaraki.jp/hokenfukushi/iryo/keikaku/kikin/documents/r2jigohyouka.pdf,令和2年度計画に関する事後評価（PDF：128KB）,r2jigohyouka.pdf,2020
茨城県,https://www.pref.ibaraki.jp/hokenfukushi/iryo/keikaku/kikin/index.html,2,https://www.pref.ibaraki.jp/hokenfukushi/iryo/keikaku/kikin/documents/r1jigohyouka.pdf,令和元年度計画に関する事後評価（PDF：141KB）,r1jigohyouka.pdf,
茨城県,https://www.pref.ibaraki.jp/hokenfukushi/iryo/keikaku/kikin/index.html,2,https://www.pref.ibaraki.jp/hokenfukushi/iryo/keikaku/kikin/documents/h30jigohyouka.pdf,平成30年度計画に関する事後評価（PDF：83KB）,h30jigohyouka.pdf,2018
茨城県,https://www.pref.ibaraki.jp/hokenfukushi/iryo/keikaku/kikin/index.html,2,https://www.pref.ibaraki.jp/hokenfukushi/iryo/keikaku/kikin/documents/h28jigohyouka.pdf,平成28年度計画に関する事後評価（PDF：80KB）,h28jigohyouka.pdf,2016
茨城県,https://www.pref.ibaraki.jp/hokenfukushi/iryo/keikaku/kikin/index.html,2,https://www.pref.ibaraki.jp/hokenfukushi/iryo/keikaku/kikin/documents/h27jigohyouka.pdf,平成27年度計画に関する事後評価（PDF：150KB）,h27jigohyouka.pdf,2015
茨城県,https://www.pref.ibaraki.jp/hokenfukushi/iryo/keikaku/kikin/index.html,2,https://www.pref.ibaraki.jp/hokenfukushi/iryo/keikaku/kikin/documents/kikinkanri.pdf,基金管理状況（令和７年3月31日現在）（PDF：43KB）,kikinkanri.pdf,2025
茨城県,https://www.pref.ibaraki.jp/hokenfukushi/yobo/kiki/yobo/kansen/idwr/press/index.html,2,https://www.pref.ibaraki.jp/hokenfukushi/yobo/kiki/yobo/kansen/idwr/press/documents/250808.pdf,重症熱性血小板減少症候群（SFTS）患者の発生について（県内2例目）（PDF：328KB）,250808.pdf,
茨城県,https://www.pref.ibaraki.jp/hokenfukushi/yobo/kiki/yobo/kansen/idwr/press/index.html,2,https://www.pref.ibaraki.jp/hokenfukushi/yobo/kiki/yobo/kansen/idwr/press/documents/0807.pdf,県内初の重症熱性血小板減少症候群（SFTS）患者の発生について（PDF：319KB）,0807.pdf,
茨城県,https://www.pref.ibaraki.jp/hokenfukushi/yobo/kiki/yobo/kansen/idwr/press/index.html,2,https://www.pref.ibaraki.jp/hokenfukushi/yobo/kiki/yobo/kansen/idwr/press/documents/250624_shiryouteikyou.pdf,ライム病患者の発生について（PDF：107KB）,250624_shiryouteikyou.pdf,
茨城県,https://www.pref.ibaraki.jp/hokenfukushi/yobo/kiki/yobo/kansen/idwr/press/index.html,2,https://www.pref.ibaraki.jp/hokenfukushi/yobo/kiki/yobo/kansen/idwr/press/documents/250620.pdf,はしか患者の発生について（PDF：106KB）,250620.pdf,
茨城県,https://www.pref.ibaraki.jp/hokenfukushi/yobo/kiki/yobo/kansen/idwr/press/index.html,2,https://www.pref.ibaraki.jp/hokenfukushi/yobo/kiki/yobo/kansen/idwr/press/documents/250620.pdf,はしか患者の発生について（PDF：106KB）,250620.pdf,
茨城県,https://www.pref.ibaraki.jp/hokenfukushi/yobo/kiki/yobo/kansen/idwr/press/index.html,2,https://www.pref.ibaraki.jp/hokenfukushi/yobo/kiki/yobo/kansen/idwr/press/documents/250525_shiryouteikyou.pdf,オウム病患者の発生について（PDF：188KB）,250525_shiryouteikyou.pdf,
茨城県,https://www.pref.ibaraki.jp/hokenfukushi/yobo/kiki/yobo/kansen/idwr/press/index.html,2,https://www.pref.ibaraki.jp/hokenfukushi/yobo/kiki/yobo/kansen/idwr/press/documents/250509_siryoteikyou.pdf,麻しん（はしか）患者の発生について（PDF：112KB）,250509_siryoteikyou.pdf,
茨城県,https://www.pref.ibaraki.jp/hokenfukushi/yobo/kiki/yobo/kansen/idwr/press/index.html,2,https://www.pref.ibaraki.jp/hokenfukushi/yobo/kiki/yobo/kansen/idwr/press/documents/250508_siryoteikyou.pdf,麻しん（はしか）患者の発生について（PDF：58KB）,250508_siryoteikyou.pdf,
茨城県,https://www.pref.ibaraki.jp/hokenfukushi/yobo/kiki/yobo/kansen/idwr/press/index.html,2,https://www.pref.ibaraki.jp/hokenfukushi/yobo/kiki/yobo/kansen/idwr/press/documents/250506_masinsiryouteikyou.pdf,麻しん（はしか）患者の発生について（PDF：113KB）,250506_masinsiryouteikyou.pdf,
茨城県,https://www.pref.ibaraki.jp/hokenfukushi/yobo/kiki/yobo/kansen/idwr/press/index.html,2,https://www.pref.ibaraki.jp/hokenfukushi/yobo/kiki/yobo/kansen/idwr/press/documents/250428masin.pdf,麻しん（はしか）患者の発生について（PDF：109KB）,250428masin.pdf,
茨城県,https://www.pref.ibaraki.jp/hokenfukushi/yobo/kiki/yobo/kansen/idwr/press/index.html,2,https://www.pref.ibaraki.jp/hokenfukushi/yobo/kiki/yobo/kansen/idwr/press/documents/0424dennsennsei.pdf,伝染性紅斑（リンゴ病）の流行警報発令について（PDF：149KB）,0424dennsennsei.pdf,
茨城県,https://www.pref.ibaraki.jp/hokenfukushi/yobo/kiki/yobo/kansen/idwr/press/index.html,2,https://www.pref.ibaraki.jp/hokenfukushi/yobo/kiki/yobo/kansen/idwr/press/documents/0424masinn.pdf,麻しん（はしか）患者が利用した施設の追加について（令和7年4月23日公表分の第2報）（PDF：189KB）,0424masinn.pdf,2025
茨城県,https://www.pref.ibaraki.jp/hokenfukushi/yobo/kiki/yobo/kansen/idwr/press/index.html,2,https://www.pref.ibaraki.jp/hokenfukushi/yobo/kiki/yobo/kansen/idwr/press/documents/250423_siryoteikyou.pdf,麻しん（はしか）患者の発生について（PDF：113KB）,250423_siryoteikyou.pdf,
茨城県,https://www.pref.ibaraki.jp/hokenfukushi/yobo/kiki/yobo/kansen/idwr/press/index.html,2,https://www.pref.ibaraki.jp/hokenfukushi/yobo/kiki/yobo/kansen/idwr/press/documents/250419_siryoteikyou.pdf,麻しん（はしか）患者の発生について（PDF：218KB）,250419_siryoteikyou.pdf,
茨城県,https://www.pref.ibaraki.jp/hokenfukushi/yobo/kiki/yobo/kansen/idwr/press/index.html,2,https://www.pref.ibaraki.jp/hokenfukushi/yobo/kiki/yobo/kansen/idwr/press/documents/250412_siryoteikyou.pdf,麻しん（はしか）患者の発生について（PDF：106KB）,250412_siryoteikyou.pdf,
茨城県,https://www.pref.ibaraki.jp/hokenfukushi/yobo/kiki/yobo/kansen/idwr/press/index.html,2,https://www.pref.ibaraki.jp/hokenfukushi/yobo/kiki/yobo/kansen/idwr/press/documents/250411_siryoteikyou1.pdf,麻しん（はしか）患者の発生について（竜ケ崎保健所管内）（PDF：107KB）,250411_siryoteikyou1.pdf,
茨城県,https://www.pref.ibaraki.jp/hokenfukushi/yobo/kiki/yobo/kansen/idwr/press/index.html,2,https://www.pref.ibaraki.jp/hokenfukushi/yobo/kiki/yobo/kansen/idwr/press/documents/250411_siryoteikyou2.pdf,麻しん（はしか）患者の発生について（土浦保健所管内）（PDF：209KB）,250411_siryoteikyou2.pdf,
茨城県,https://www.pref.ibaraki.jp/hokenfukushi/yobo/kiki/yobo/kansen/idwr/press/index.html,2,https://www.pref.ibaraki.jp/hokenfukushi/yobo/kiki/yobo/kansen/idwr/press/documents/250408_siryoteikyou.pdf,麻しん（はしか）患者の発生について（PDF：102KB）,250408_siryoteikyou.pdf,
茨城県,https://www.pref.ibaraki.jp/hokenfukushi/yobo/kiki/yobo/kansen/idwr/press/index.html,2,https://www.pref.ibaraki.jp/hokenfukushi/yobo/kiki/yobo/kansen/idwr/press/documents/250306_1530_siryouteikyou.pdf,麻しん（はしか）患者の発生について（PDF：235KB）,250306_1530_siryouteikyou.pdf,
茨城県,https://www.pref.ibaraki.jp/hokenfukushi/yobo/kiki/yobo/kansen/idwr/press/index.html,2,https://www.pref.ibaraki.jp/hokenfukushi/yobo/kiki/yobo/kansen/idwr/press/documents/1_kouhyou.pdf,オズウイルスによる心筋炎と診断された患者の報告について,1_kouhyou.pdf,
茨城県,https://www.pref.ibaraki.jp/hokenfukushi/yobo/kiki/yobo/kansen/idwr/press/index.html,2,https://www.pref.ibaraki.jp/hokenfukushi/yobo/kiki/yobo/kansen/idwr/press/documents/2_iasr.pdf,1.病原微生物検出情報（IASR）速報 初 めて診断されたオズウイルス感染症患者,2_iasr.pdf,
茨城県,https://www.pref.ibaraki.jp/hokenfukushi/yobo/kiki/yobo/kansen/idwr/press/index.html,2,https://www.pref.ibaraki.jp/hokenfukushi/yobo/kiki/yobo/kansen/idwr/press/documents/3_230623_niid_ozvfact.pdf,2.オズウイルス感染症とは,3_230623_niid_ozvfact.pdf,
茨城県,https://www.pref.ibaraki.jp/hokenfukushi/yobo/kiki/yobo/kansen/idwr/press/index.html,2,https://www.pref.ibaraki.jp/hokenfukushi/yobo/kiki/yobo/kansen/idwr/press/documents/4_230623_niid_ozvqa.pdf,3.オズウイルス感染症に関するQ&A,4_230623_niid_ozvqa.pdf,
茨城県,https://www.pref.ibaraki.jp/hokenfukushi/yobo/kiki/yobo/kansen/idwr/press/index.html,2,https://www.pref.ibaraki.jp/hokenfukushi/yobo/kiki/yobo/kansen/idwr/press/documents/mashin.pdf,麻しん（はしか）患者の発生について（PDF：238KB）,mashin.pdf,
茨城県,https://www.pref.ibaraki.jp/hokenfukushi/iryo/keikaku/kikin/r6teian.html,2,https://www.pref.ibaraki.jp/hokenfukushi/iryo/keikaku/kikin/documents/05_betten1.pdf,（別添1）医療分標準事業例（PDF：339KB）,05_betten1.pdf,
茨城県,https://www.pref.ibaraki.jp/hokenfukushi/iryo/keikaku/kikin/r6teian.html,2,https://www.pref.ibaraki.jp/hokenfukushi/iryo/keikaku/kikin/documents/07_betten3.pdf,（別添3）病床機能再編支援事業（PDF：860KB）,07_betten3.pdf,
茨城県,https://www.pref.ibaraki.jp/hokenfukushi/iryo/keikaku/kikin/r6teian.html,2,https://www.pref.ibaraki.jp/hokenfukushi/iryo/keikaku/kikin/documents/08_betten4.pdf,（別添4）勤務医の労働時間短縮の推進（PDF：820KB）,08_betten4.pdf,
茨城県,https://www.pref.ibaraki.jp/hokenfukushi/iryo/keikaku/kikin/r6teian.html,2,https://www.pref.ibaraki.jp/hokenfukushi/iryo/keikaku/kikin/documents/06_betten2.pdf,（別添2）介護分対象事業例（PDF：256KB）,06_betten2.pdf,
茨城県,https://www.pref.ibaraki.jp/hokenfukushi/iryo/keikaku/kikin/r6teian.html,2,https://www.pref.ibaraki.jp/hokenfukushi/iryo/keikaku/kikin/documents/00_zigyouteiantuuti.pdf,00_事業提案通知文（PDF：279KB）,00_zigyouteiantuuti.pdf,
茨城県,https://www.pref.ibaraki.jp/hokenfukushi/iryo/keikaku/kikin/r6teian.html,2,https://www.pref.ibaraki.jp/hokenfukushi/iryo/keikaku/kikin/documents/01_kinyuuyouryou.pdf,01_事業提案調査票記入要領（PDF：93KB）,01_kinyuuyouryou.pdf,
茨城県,https://www.pref.ibaraki.jp/hokenfukushi/iryo/keikaku/kikin/r6teian.html,2,https://www.pref.ibaraki.jp/hokenfukushi/iryo/keikaku/kikin/documents/05_betten1.pdf,05_（別添1）医療分標準事業例（PDF：339KB）,05_betten1.pdf,
茨城県,https://www.pref.ibaraki.jp/hokenfukushi/iryo/keikaku/kikin/r6teian.html,2,https://www.pref.ibaraki.jp/hokenfukushi/iryo/keikaku/kikin/documents/06_betten2.pdf,06_（別添2）介護分対象事業例（PDF：256KB）,06_betten2.pdf,
茨城県,https://www.pref.ibaraki.jp/hokenfukushi/iryo/keikaku/kikin/r6teian.html,2,https://www.pref.ibaraki.jp/hokenfukushi/iryo/keikaku/kikin/documents/07_betten3.pdf,07_（別添3）病床機能再編支援事業（PDF：860KB）,07_betten3.pdf,
茨城県,https://www.pref.ibaraki.jp/hokenfukushi/iryo/keikaku/kikin/r6teian.html,2,https://www.pref.ibaraki.jp/hokenfukushi/iryo/keikaku/kikin/documents/08_betten4.pdf,08_（別添4）勤務医の労働時間短縮の推進（PDF：820KB）,08_betten4.pdf,
茨城県,https://www.pref.ibaraki.jp/hokenfukushi/iryo/keikaku/kikin/r6teian.html,2,https://www.pref.ibaraki.jp/hokenfukushi/iryo/keikaku/kikin/documents/09_sankou.pdf,09_【参考】地域医療介護総合確保基金の概要（PDF：310KB）,09_sankou.pdf,
茨城県,https://www.pref.ibaraki.jp/gikai/,2,https://www.pref.ibaraki.jp/gikai/iinkai/nittei/250808soumu.pdf,県議会総務企画委員会（閉会中委員会）の開催について【8月8日】,250808soumu.pdf,
茨城県,https://www.pref.ibaraki.jp/gikai/,2,https://www.pref.ibaraki.jp/gikai/iinkai/nittei/250808eigyo.pdf,県議会営業戦略農林水産委員会（閉会中委員会）の開催について【8月8日】,250808eigyo.pdf,
茨城県,https://www.pref.ibaraki.jp/gikai/,2,https://www.pref.ibaraki.jp/gikai/radio/250330.pdf,"県議会ラジオ広報 会派代表座談会
            ～令和７年度の茨城県政を展望して～",250330.pdf,2025
茨城県,https://www.pref.ibaraki.jp/gikai/,2,https://www.pref.ibaraki.jp/gikai/osirase/250401suishinplan.pdf,茨城県議会障害者活躍推進プラン（第2期）,250401suishinplan.pdf,
茨城県,https://www.pref.ibaraki.jp/gikai/,2,https://www.pref.ibaraki.jp/gikai/osirase/ninmenkouhyou_r6.pdf,茨城県議会事務局における障害者である職員の任免状況（令和6年）,ninmenkouhyou_r6.pdf,2024
茨城県,https://www.pref.ibaraki.jp/kikaku/kikaku/seisaku/kikaku1-sogo/shinkeikaku/sokeishin/r4sogokeikaku.html,2,https://www.pref.ibaraki.jp/kikaku/kikaku/seisaku/kikaku1-sogo/shinkeikaku/sokeishin/documents/2nd_sogokeikaku_sassi01.pdf,"表紙、第1部、第2部 （PDF：7,521KB）",2nd_sogokeikaku_sassi01.pdf,
茨城県,https://www.pref.ibaraki.jp/kikaku/kikaku/seisaku/kikaku1-sogo/shinkeikaku/sokeishin/r4sogokeikaku.html,2,https://www.pref.ibaraki.jp/kikaku/kikaku/seisaku/kikaku1-sogo/shinkeikaku/sokeishin/documents/2nd_sogokeikaku_sassi02.pdf,"第3部 （PDF：17,990KB）",2nd_sogokeikaku_sassi02.pdf,
茨城県,https://www.pref.ibaraki.jp/kikaku/kikaku/seisaku/kikaku1-sogo/shinkeikaku/sokeishin/r4sogokeikaku.html,2,https://www.pref.ibaraki.jp/kikaku/kikaku/seisaku/kikaku1-sogo/shinkeikaku/sokeishin/documents/2nd_sogokeikaku_sassi03.pdf,"第4部、参考資料 （PDF：2,642KB）",2nd_sogokeikaku_sassi03.pdf,
茨城県,https://www.pref.ibaraki.jp/kikaku/kikaku/seisaku/kikaku1-sogo/shinkeikaku/sokeishin/r4sogokeikaku.html,2,https://www.pref.ibaraki.jp/kikaku/kikaku/seisaku/kikaku1-sogo/shinkeikaku/sokeishin/documents/2nd_sogokeikaku_panf.pdf,"（PDF：4,420KB）",2nd_sogokeikaku_panf.pdf,
茨城県,https://www.pref.ibaraki.jp/kikaku/kikaku/seisaku/kikaku1-sogo/shinkeikaku/sokeishin/r4sogokeikaku.html,2,https://www.pref.ibaraki.jp/kikaku/kikaku/seisaku/kikaku1-sogo/shinkeikaku/sokeishin/documents/01_gaiyou2022_3.pdf,いばらき幸福度指標の概要（2022.3導入時点）（PDF：693KB）,01_gaiyou2022_3.pdf,2022
茨城県,https://www.pref.ibaraki.jp/kikaku/kikaku/seisaku/kikaku1-sogo/shinkeikaku/sokeishin/r4sogokeikaku.html,2,https://www.pref.ibaraki.jp/kikaku/kikaku/seisaku/kikaku1-sogo/shinkeikaku/sokeishin/documents/02_sannsyutuhouhou.pdf,いばらき幸福度指標による順位の算出方法（PDF：391KB）,02_sannsyutuhouhou.pdf,
茨城県,https://www.pref.ibaraki.jp/kikaku/kikaku/seisaku/kikaku1-sogo/shinkeikaku/sokeishin/r4sogokeikaku.html,2,https://www.pref.ibaraki.jp/kikaku/kikaku/seisaku/kikaku1-sogo/shinkeikaku/sokeishin/documents/04_ibarakikoufukudosihyo_column.pdf,コラム：第2次茨城県総合計画～「新しい茨城」への挑戦～（抜粋）（PDF：247KB）,04_ibarakikoufukudosihyo_column.pdf,
茨城県,https://www.pref.ibaraki.jp/kikaku/kikaku/seisaku/kikaku1-sogo/shinkeikaku/sokeishin/r4sogokeikaku.html,2,https://www.pref.ibaraki.jp/kikaku/kikaku/seisaku/kikaku1-sogo/shinkeikaku/sokeishin/documents/01_241125_kisyakaiken_kouhukudo.pdf,「いばらき幸福度指標」の見直しと2024年度の全国順位についての記者会見資料（2024年11月25日）（PDF：877KB）,01_241125_kisyakaiken_kouhukudo.pdf,2024
茨城県,https://www.pref.ibaraki.jp/kikaku/kikaku/seisaku/kikaku1-sogo/shinkeikaku/sokeishin/r4sogokeikaku.html,2,https://www.pref.ibaraki.jp/kikaku/kikaku/seisaku/kikaku1-sogo/shinkeikaku/sokeishin/documents/02_01_zennkokuzyuni2024.pdf,いばらき幸福度指標による全国順位2024（PDF：511KB）,02_01_zennkokuzyuni2024.pdf,2024
茨城県,https://www.pref.ibaraki.jp/kikaku/kikaku/seisaku/kikaku1-sogo/shinkeikaku/sokeishin/r4sogokeikaku.html,2,https://www.pref.ibaraki.jp/kikaku/kikaku/seisaku/kikaku1-sogo/shinkeikaku/sokeishin/documents/03_02_sihyouitiran2024.pdf,指標一覧（2024年11月25日見直し後）（PDF：436KB）,03_02_sihyouitiran2024.pdf,2024
茨城県,https://www.pref.ibaraki.jp/kikaku/kikaku/seisaku/kikaku1-sogo/shinkeikaku/sokeishin/r4sogokeikaku.html,2,https://www.pref.ibaraki.jp/kikaku/kikaku/seisaku/kikaku1-sogo/shinkeikaku/sokeishin/documents/04_03_toukeititou2024.pdf,統計値及び標準化変量（PDF：246KB）,04_03_toukeititou2024.pdf,2024
茨城県,https://www.pref.ibaraki.jp/kikaku/kikaku/seisaku/kikaku1-sogo/shinkeikaku/sokeishin/r4sogokeikaku.html,2,https://www.pref.ibaraki.jp/kikaku/kikaku/seisaku/kikaku1-sogo/shinkeikaku/sokeishin/documents/05_04_sihyouminaosi2023.pdf,いばらき幸福度指標の見直し概要（2023年度）（PDF：231KB）,05_04_sihyouminaosi2023.pdf,2023
茨城県,https://www.pref.ibaraki.jp/kikaku/kikaku/seisaku/kikaku1-sogo/shinkeikaku/sokeishin/r4sogokeikaku.html,2,https://www.pref.ibaraki.jp/kikaku/kikaku/seisaku/kikaku1-sogo/shinkeikaku/sokeishin/documents/06_05_zennkokuzyuni2023.pdf,【参考】いばらき幸福度指標による全国順位2023（PDF：824KB）,06_05_zennkokuzyuni2023.pdf,2023
茨城県,https://www.pref.ibaraki.jp/kikaku/kikaku/seisaku/kikaku1-sogo/shinkeikaku/sokeishin/r4sogokeikaku.html,2,https://www.pref.ibaraki.jp/kikaku/kikaku/seisaku/kikaku1-sogo/shinkeikaku/sokeishin/documents/07_06_sihyouitiran2023.pdf,指標一覧（2023.12見直し後）（PDF：436KB）,07_06_sihyouitiran2023.pdf,2023
茨城県,https://www.pref.ibaraki.jp/kikaku/kikaku/seisaku/kikaku1-sogo/shinkeikaku/sokeishin/r4sogokeikaku.html,2,https://www.pref.ibaraki.jp/kikaku/kikaku/seisaku/kikaku1-sogo/shinkeikaku/sokeishin/documents/syuyousihyouitiran_202408.pdf,数値目標一覧（2024.8末時点）（PDF：233KB）,syuyousihyouitiran_202408.pdf,2024
茨城県,https://www.pref.ibaraki.jp/kikaku/kikaku/seisaku/kikaku1-sogo/shinkeikaku/sokeishin/r4sogokeikaku.html,2,https://www.pref.ibaraki.jp/kikaku/kikaku/seisaku/kikaku1-sogo/shinkeikaku/sokeishin/documents/220324sougoukeikaku.pdf,"※第2次茨城県総合計画の策定についての知事記者会見配布資料 （PDF：1,301KB）",220324sougoukeikaku.pdf,
茨城県,https://www.pref.ibaraki.jp/jinjiiin/saiyojyoho.html,2,https://www.pref.ibaraki.jp/jinjiiin/documents/r7_shikengaiyou-2.pdf,茨城県職員になるには（県職員採用試験について）（PDF：893KB）,r7_shikengaiyou-2.pdf,
茨城県,https://www.pref.ibaraki.jp/jinjiiin/saiyojyoho.html,2,https://www.pref.ibaraki.jp/jinjiiin/documents/r7ikukyuuitiran.pdf,子育てのための休暇・休業等制度一覧（PDF：232KB）,r7ikukyuuitiran.pdf,
茨城県,https://www.pref.ibaraki.jp/koho/koho/sns/line/index.html,2,https://www.pref.ibaraki.jp/koho/koho/sns/line/documents/0226_line_policy.pdf,LINEアカウント「茨城県庁」運用ポリシー（PDF：316KB）,0226_line_policy.pdf,
茨城県,https://www.pref.ibaraki.jp/bousaikiki/genshi/koho/apuri.html,2,https://www.pref.ibaraki.jp/bousaikiki/genshi/koho/documents/ri-huretto.pdf,"いばらき原子力防災アプリ　リーフレット（PDF：6,011KB）",ri-huretto.pdf,
茨城県,https://www.pref.ibaraki.jp/bugai/koho/koho/pr/characters/hiyorin/ibarahiyori.html,2,https://www.pref.ibaraki.jp/bugai/koho/koho/pr/characters/hiyorin/documents/hiyori-tebiki-2025.pdf,茨ひより利用の手引き（PDF：975KB）,hiyori-tebiki-2025.pdf,2025
茨城県,https://www.pref.ibaraki.jp/bugai/koho/koho/pr/characters/hiyorin/ibarahiyori.html,2,https://www.pref.ibaraki.jp/bugai/koho/koho/pr/characters/hiyorin/documents/hiyori-kitei-2025.pdf,いばキラTVアナウンサー「茨ひより」利用に関する規程（PDF：167KB）,hiyori-kitei-2025.pdf,2025
茨城県,https://www.pref.ibaraki.jp/bugai/koho/koho/pr/characters/hiyorin/ibarahiyori.html,2,https://www.pref.ibaraki.jp/bugai/koho/koho/pr/characters/hiyorin/documents/hiyori60.pdf,"茨ひよりイラストバリエーション集（PDF：2,093KB）",hiyori60.pdf,
茨城県,https://www.pref.ibaraki.jp/freewifi/index.html,2,https://www.pref.ibaraki.jp/freewifi/documents/spot.pdf,協力施設一覧,spot.pdf,
茨城県,https://www.pref.ibaraki.jp/shokorodo/chusho/keiei/keieikakushin/maching2.html,2,https://www.pref.ibaraki.jp/shokorodo/chusho/keiei/keieikakushin/documents/r7chirashi.pdf,"（PDF：3,105KB）",r7chirashi.pdf,2025
茨城県,https://www.pref.ibaraki.jp/shokorodo/chusho/keiei/keieikakushin/maching2.html,2,https://www.pref.ibaraki.jp/shokorodo/chusho/keiei/keieikakushin/documents/r7youryou.pdf,実施要領（PDF：157KB）,r7youryou.pdf,2025
茨城県,https://www.pref.ibaraki.jp/bugai/koho/kenmin/ad/banner.html,2,https://www.pref.ibaraki.jp/bugai/koho/kenmin/ad/documents/20200401youkou.pdf,茨城県広報媒体広告掲載要綱（PDF：8KB）,20200401youkou.pdf,2020
茨城県,https://www.pref.ibaraki.jp/bugai/koho/kenmin/ad/banner.html,2,https://www.pref.ibaraki.jp/bugai/koho/kenmin/ad/documents/youryo.pdf,茨城県広報媒体広告取扱要領（PDF：329KB）,youryo.pdf,
茨城県,https://www.pref.ibaraki.jp/bugai/kokusai/tabunka/en/index.html,2,https://www.pref.ibaraki.jp/bugai/kokusai/tabunka/en/documents/english.pdf,"（PDF：6,514KB）",english.pdf,
茨城県,https://www.pref.ibaraki.jp/bugai/kokusai/tabunka/po/index.html,2,https://www.pref.ibaraki.jp/bugai/kokusai/tabunka/po/documents/portuguese.pdf,"（PDF：3,905KB）",portuguese.pdf,
茨城県,https://www.pref.ibaraki.jp/bugai/kokusai/tabunka/es/index.html,2,https://www.pref.ibaraki.jp/bugai/kokusai/tabunka/es/documents/espanol.pdf,"（PDF：4,055KB）",espanol.pdf,
茨城県,https://www.pref.ibaraki.jp/bugai/kokusai/tabunka/es/index.html,2,https://www.pref.ibaraki.jp/bugai/kokusai/tabunka/es/documents/es.pdf,"Manual médico （PDF：1,661KB）",es.pdf,
茨城県,https://www.pref.ibaraki.jp/bugai/kokusai/tabunka/es/index.html,2,https://www.pref.ibaraki.jp/bugai/kokusai/tabunka/es/documents/spanish.pdf,"Manual frente a desastres（PDF：1,625KB）",spanish.pdf,
茨城県,https://www.pref.ibaraki.jp/bugai/kokusai/tabunka/ch2/index.html,2,https://www.pref.ibaraki.jp/bugai/kokusai/tabunka/ch2/documents/traditionalchinese.pdf,"（PDF：4,451KB）",traditionalchinese.pdf,
茨城県,https://www.pref.ibaraki.jp/bugai/kokusai/tabunka/ch2/index.html,2,https://www.pref.ibaraki.jp/bugai/kokusai/tabunka/ch2/documents/health-zh2.pdf,"健康手冊（PDF：2,555KB)",health-zh2.pdf,
茨城県,https://www.pref.ibaraki.jp/bugai/kokusai/tabunka/ch2/index.html,2,https://www.pref.ibaraki.jp/bugai/kokusai/tabunka/ch2/documents/china2.pdf,防災手冊（PDF：480KB）,china2.pdf,
